CASE_ID,ACCIDENT_YEAR,PROC_DATE,JURIS,COLLISION_DATE,COLLISION_TIME,OFFICER_ID,REPORTING_DISTRICT,DAY_OF_WEEK,CHP_SHIFT,POPULATION,CNTY_CITY_LOC,SPECIAL_COND,BEAT_TYPE,CHP_BEAT_TYPE,CITY_DIVISION_LAPD,CHP_BEAT_CLASS,BEAT_NUMBER,PRIMARY_RD,SECONDARY_RD,DISTANCE,DIRECTION,INTERSECTION,WEATHER_1,WEATHER_2,STATE_HWY_IND,CALTRANS_COUNTY,CALTRANS_DISTRICT,STATE_ROUTE,ROUTE_SUFFIX,POSTMILE_PREFIX,POSTMILE,LOCATION_TYPE,RAMP_INTERSECTION,SIDE_OF_HWY,TOW_AWAY,COLLISION_SEVERITY,NUMBER_KILLED,NUMBER_INJURED,PARTY_COUNT,PRIMARY_COLL_FACTOR,PCF_CODE_OF_VIOL,PCF_VIOL_CATEGORY,PCF_VIOLATION,PCF_VIOL_SUBSECTION,HIT_AND_RUN,TYPE_OF_COLLISION,MVIW,PED_ACTION,ROAD_SURFACE,ROAD_COND_1,ROAD_COND_2,LIGHTING,CONTROL_DEVICE,CHP_ROAD_TYPE,PEDESTRIAN_ACCIDENT,BICYCLE_ACCIDENT,MOTORCYCLE_ACCIDENT,TRUCK_ACCIDENT,NOT_PRIVATE_PROPERTY,ALCOHOL_INVOLVED,STWD_VEHTYPE_AT_FAULT,CHP_VEHTYPE_AT_FAULT,COUNT_SEVERE_INJ,COUNT_VISIBLE_INJ,COUNT_COMPLAINT_PAIN,COUNT_PED_KILLED,COUNT_PED_INJURED,COUNT_BICYCLIST_KILLED,COUNT_BICYCLIST_INJURED,COUNT_MC_KILLED,COUNT_MC_INJURED,PRIMARY_RAMP,SECONDARY_RAMP,LATITUDE,LONGITUDE,COUNTY,CITY,POINT_X,POINT_Y
6949709,2015,2016-12-19,9825,2015-05-29,1110,018685,,5,1,9,1400,0,1,2,,1,007,"RT 395","LITTLE LAKE RD",10560.00,S,N,A,-,Y,INY,9,395,-,R,7.510,H,-,N,N,2,0,1,1,A,-,08,22107,,N,F,A,A,A,H,-,A,D,1,,,Y,,Y,,C,02,1,0,0,0,0,0,0,0,1,"- ","- ",,,INYO,UNINCORPORATED,-117.90021916000001,35.902140350000003
90364722,2017,2017-01-09,9825,2017-01-02,1200,020415,,1,1,9,1400,0,1,3,,2,017,SR-190,"EMIGRANT CANYON RD.",36960.00,W,N,A,-,Y,,,190,,,,,,,Y,2,0,4,2,A,-,05,21460,A,N,A,C,A,A,H,-,A,D,0,,,,,Y,,A,01,1,0,3,0,0,0,0,0,0,"- ","- ",36.419969999999999,-117.26938,INYO,UNINCORPORATED,-117.26937157,36.41989633
91860914,2022,2022-09-09,9825,2022-08-31,1725,019814,,3,2,9,1400,0,1,3,,1,011,"SR-168 W","E BISHOP CREEK ROAD",664.00,E,N,A,-,Y,INY,,168,,R,13.016,H,,R,Y,2,0,1,1,A,-,08,22107,,N,F,A,A,A,H,-,A,D,0,,,,,Y,,D,22,1,0,0,0,0,0,0,0,0,"- ","- ",37.341861724853516,-118.48094177246094,INYO,UNINCORPORATED,-118.48097229003906,37.342056274414062
91554313,2021,2022-01-21,9825,2021-05-17,0042,016173,,1,3,9,1400,0,1,2,,1,003,"US-395 N/B","SR-168 E/B",2640.00,N,N,A,-,Y,,,395,,,,,,N,Y,1,1,0,1,A,-,01,23152,F,N,E,I,A,A,H,-,D,D,0,,,,,Y,,D,22,0,0,0,0,0,0,0,0,0,"- ","- ",37.178939819335938,-118.29544067382812,INYO,UNINCORPORATED,-118.29554748535156,37.178836822509766
90376028,2017,2017-02-13,9825,2017-01-17,2500,020415,,2,4,9,1400,0,1,3,,1,019,SR-127,"OLD SPANISH TRAIL HWY",11616.00,N,N,A,-,Y,,,127,,,,,,,Y,2,0,1,1,C,-,18,,,N,E,J,A,A,H,-,A,D,0,,,,,Y,,-,"- ",1,0,0,0,0,0,0,0,0,"- ","- ",35.880569999999999,-116.26275,INYO,UNINCORPORATED,-116.26274745000001,35.880566129999998
90975369,2019,2020-02-19,9825,2019-04-08,1745,017072,,1,2,9,1400,0,1,3,,1,019,SR-127,"IBEX PASS",7656.00,N,N,B,-,Y,,,,,,,,,,Y,1,1,0,1,A,-,08,22107,,N,E,I,A,A,H,-,A,D,0,,,,,Y,,A,01,0,0,0,0,0,0,0,0,0,"- ","- ",35.484901428222656,-116.19529724121094,INYO,UNINCORPORATED,,
6877339,2015,2016-04-26,9825,2015-03-28,1400,17941,,6,2,9,1400,0,2,4,,2,074,"DANTES VIEW RD","RT 190",23760.00,S,N,A,-,N,,,,,,,,,,Y,2,0,2,1,A,-,08,22107,,N,F,A,A,A,H,-,A,D,0,,,Y,,Y,,C,02,1,1,0,0,0,0,0,0,2,"- ","- ",,,INYO,UNINCORPORATED,-116.68490876,36.305770240000001
91182698,2020,2020-03-03,9825,2020-02-01,1454,020736,,6,2,9,1400,0,3,5,,2,060,"HORSESHOE MEADOWS RD","LUBKEN CANYON RD",2112.00,S,N,A,-,N,,,,,,,,,,Y,2,0,4,1,A,-,08,22107,,N,F,A,A,A,H,-,A,D,0,,,,,Y,,D,22,2,2,0,0,0,0,0,0,0,"- ","- ",34.540531158447266,-118.10572052001953,INYO,UNINCORPORATED,-118.10562896728516,36.541084289550781
90124201,2016,2016-02-25,9825,2016-02-18,1618,020736,,4,2,9,1400,0,3,5,,2,060,"TUTTLE CREEK RD","WHITNEY PORTAL RD",3696.00,S,N,A,-,N,,,,,,,,,,Y,2,0,1,1,A,-,08,22107,,N,F,A,A,A,B,-,B,D,0,,,Y,,Y,,C,02,1,0,0,0,0,0,0,0,1,"- ","- ",36.59366,-118.07589,INYO,UNINCORPORATED,-118.07579256,36.593212319999999
90684853,2018,2018-03-19,9825,2018-03-09,1444,020736,,5,2,9,1400,0,1,2,,1,006,"S/B US-395","COTTONWOOD RD",6864.00,S,N,A,-,Y,,,,,,,,,,Y,2,0,2,1,A,-,08,22107,,N,F,I,A,A,H,-,A,D,0,,,,,Y,,A,01,1,1,0,0,0,0,0,0,0,"- ","- ",36.426059722900391,-117.96201324462891,INYO,UNINCORPORATED,-118.03075408935547,36.424736022949219
91382694,2020,2021-01-06,9825,2020-12-31,1315,017072,,4,1,9,1400,0,1,3,,2,017,SR-190,"EMIGRANT CANYON RD",1006.00,E,N,A,-,Y,,,,,,,,,,Y,2,0,1,2,A,-,09,21801,A,N,E,I,A,A,H,-,A,D,0,,,,,Y,,A,01,1,0,0,0,0,0,0,0,0,"- ","- ",36.295101165771484,-117.13369750976562,INYO,UNINCORPORATED,,
94389765,2024,2024-09-11,9825,2024-09-02,1730,022905,,1,2,9,1400,0,1,2,,1,003,"SB US-395","WARM SPRINGS ROAD",0.00,,Y,A,-,Y,INY,,395," "," ",112.864,H,,R,Y,2,0,2,2,A,-,01,23152,A,N,D,C,A,A,H,-,A,D,0,,,Y,,Y,Y,A,01,2,0,0,0,0,0,0,0,2,"- ","- ",37.325130462646484,-118.39128112792969,INYO,UNINCORPORATED,-118.39110565185547,37.325187683105469
92262368,2023,2023-12-14,9825,2023-08-24,"231 ",018685,,4,3,9,1400,0,2,4,,2,052,"OLD SPANISH TRAIL HWY","TOPAZ ST",1584.00,E,N,A,-,N,,,,,,,,,,N,1,1,0,2,A,-,11,21956,A,N,G,B,E,A,H,-,D,D,0,Y,,,,Y,,N,60,0,0,0,1,0,0,0,0,0,"- ","- ",35.971889495849609,-115.90235900878906,INYO,UNINCORPORATED,-115.90309143066406,35.971885681152344
94395359,2024,2024-09-16,9825,2024-09-07,1530,023755,,6,2,9,1400,0,1,2,,2,001,"US-395 N/B","MILL CREEK ROAD",2112.00,N,N,A,-,Y,INY,,395," ",R,125.357,H,,R,Y,2,0,1,1,A,-,08,22107,,N,F,A,A,A,H,-,A,D,0,,,,,Y,Y,A,08,1,0,0,0,0,0,0,0,0,"- ","- ",37.409370422363281,-118.54898071289062,INYO,UNINCORPORATED,-118.5489501953125,37.409393310546875
90141794,2016,2016-03-23,9825,2016-03-19,2115,020415,,6,2,9,1400,0,1,3,,1,019,SR-127,"SR-178 W.",5280.00,N,N,A,-,Y,,,127,,,,,,,Y,2,0,3,1,A,-,08,22107,,N,F,A,A,A,H,-,E,D,0,,,,,Y,,A,01,2,1,0,0,0,0,0,0,0,"- ","- ",36.01773,-116.29418,INYO,UNINCORPORATED,-116.29409775000001,36.017761120000003
90790560,2018,2018-08-14,9825,2018-08-03,1344,016784,,5,1,9,1400,0,1,2,,1,006,"US-395 N/B","CHARCOAL KILN RD",3696.00,N,N,A,F,Y,,,,,,,,,,Y,2,0,1,1,A,-,08,22107,,N,F,A,A,A,H,-,A,D,0,,,Y,,Y,,C,02,1,0,0,0,0,0,0,0,1,"- ","- ",36.253910064697266,-118.01502227783203,INYO,UNINCORPORATED,,
90924696,2019,2019-02-12,9825,2019-02-09,0950,018685,,6,1,9,1400,0,1,2,,1,006,US-395,SR-190,90.00,N,N,A,-,Y,,,395,,,,,,,Y,2,0,1,1,A,-,08,22107,,N,E,I,A,A,H,-,A,D,0,,,,,Y,,D,23,1,0,0,0,0,0,0,0,0,"- ","- ",36.282669067382812,-118.00634765625,INYO,UNINCORPORATED,-118.00640869140625,36.282630920410156
91340970,2020,2020-12-21,9825,2020-09-08,0705,022390,,2,1,9,1400,0,1,3,,2,016,SR-190,SR-136,11088.00,E,N,A,-,Y,,,190,,,,,,,Y,1,1,1,1,A,-,08,22107,,N,E,J,A,A,H,-,A,D,0,,,,,Y,,A,01,1,0,0,0,0,0,0,0,0,"- ","- ",36.401870727539062,-117.80925750732422,INYO,UNINCORPORATED,-117.80941009521484,36.401832580566406
91498713,2021,2021-06-16,9825,2021-06-14,0534,020118,,1,3,9,1400,0,1,2,,1,007,"US-395 N/B","SAGE FLATS DRIVE",11088.00,S,N,B,-,Y,,,395,,,,,,N,Y,2,0,3,1,A,-,08,22107,,N,E,I,A,A,H,-,B,D,0,,,,,Y,,A,01,2,1,0,0,0,0,0,0,0,"- ","- ",36.181011199951172,-117.97802734375,INYO,UNINCORPORATED,-117.97811126708984,36.181007385253906
91600753,2021,2021-10-19,9825,2021-10-17,1012,018685,,7,1,9,1400,0,1,3,,2,017,SR-190,"MOSAIC CANYON RD",4752.00,W,N,A,-,Y,,,190,,,,,,,Y,2,0,2,2,A,-,03,22350,,N,C,C,A,A,H,-,A,D,0,,,Y,,Y,,C,02,1,1,0,0,0,0,0,0,2,"- ","- ",36.595279693603516,-117.16013336181641,INYO,UNINCORPORATED,-117.16009521484375,36.595241546630859
90824225,2018,2018-09-28,9825,2018-09-20,1645,020736,,4,2,9,1400,0,1,2,,1,007,"S/B US-395",DUNMOVIN,2640.00,N,N,A,-,Y,,,395,,,,,,,Y,2,0,1,1,A,-,08,22107,,N,F,A,A,A,H,-,A,A,0,,,,,Y,,A,01,1,0,0,0,0,0,0,0,0,"- ","- ",36.095218658447266,-117.96482849121094,INYO,UNINCORPORATED,-117.96458435058594,36.095325469970703
91824040,2022,2022-07-25,9825,2022-07-18,1840,018685,,1,2,9,1400,0,1,3,,2,020,SR-178,SR-127,20592.00,W,N,C,-,Y,,,,,,,,,,Y,2,0,1,1,A,-,03,22350,,N,E,I,A,B,H,-,A,D,0,,,,,Y,,A,08,1,0,0,0,0,0,0,0,0,"- ","- ",35.985660552978516,-116.33553314208984,INYO,UNINCORPORATED,-116.33616638183594,35.982830047607422
91623241,2021,2021-11-12,9825,2021-11-04,2005,017941,,4,2,9,1400,0,1,3,,2,017,"STATE ROUTE 190","WILDROSE CANYON ROAD",31680.00,W,N,A,-,Y,,,190,,,,,,,N,2,0,2,1,A,-,08,22107,,N,E,I,A,A,H,-,D,D,0,,,,,Y,,A,07,2,0,0,0,0,0,0,0,0,"- ","- ",36.419921875,-117.26941680908203,INYO,UNINCORPORATED,-117.26941680908203,36.419891357421875
90266830,2016,2016-09-13,9825,2016-09-07,1647,020335,,3,2,9,1400,0,2,4,,2,022,"WHITNEY PORTAL RD","HORSEHOSE MEADOWS RD",1584.00,E,N,A,-,N,,,,,,,,,,Y,2,0,1,1,A,-,17,21662,A,N,F,A,A,A,D,-,A,D,0,,,,Y,Y,,F,27,1,0,0,0,0,0,0,0,0,"- ","- ",36.118000000000002,-118.11142,INYO,UNINCORPORATED,-118.11068937,36.595706290000003
91827284,2022,2022-07-28,9825,2022-07-16,1304,020118,,6,1,9,1400,0,1,2,,1,007,"US-395 N/B","SOUTH HAIWEE ROAD",13728.00,S,N,A,-,Y,INY,,395,,R,21.972,H,,R,Y,1,2,0,2,A,-,03,22350,,N,C,C,A,A,H,-,A,D,0,,,,Y,Y,,A,01,0,0,0,0,0,0,0,0,0,"- ","- ",36.103069305419922,-117.96714019775391,INYO,UNINCORPORATED,-117.96713256835938,36.103069305419922
94406550,2024,2024-09-24,9825,2024-09-20,1210,023602,,5,1,9,1400,0,1,2,,1,007,"S/B US-395","NINE MILE CANYON ROAD",23232.00,N,N,B,-,Y,INY,,395," ",R,7.438,H,,L,Y,2,0,1,1,A,-,08,22107,,N,E,J,A,A,H,-,A,D,0,,,Y,,Y,,C,02,1,0,0,0,0,0,0,0,1,"- ","- ",35.901538848876953,-117.900390625,INYO,UNINCORPORATED,-117.90045166015625,35.901527404785156
6962541,2015,2016-12-19,9825,2015-06-04,1415,18441,,4,2,9,1400,0,1,3,,1,012,"RT 168 E","WHITE MOUNTAIN RD",31152.00,E,N,B,C,Y,INY,9,168,-,-,37.200,H,-,E,N,2,0,1,1,A,-,08,22107,,N,F,A,A,B,E,-,A,D,0,,,Y,,Y,,C,02,1,0,0,0,0,0,0,0,1,"- ","- ",37.315730000000002,-118.10149,INYO,UNINCORPORATED,-118.11024198,37.313581450000001
90603897,2017,2017-11-28,9825,2017-11-21,1515,017072,,2,2,9,1400,0,2,4,,2,072,"BADWATER RD","MORMON POINT",14256.00,S,N,A,-,N,,,,,,,,,,Y,2,0,1,1,A,-,08,22107,,N,F,A,A,A,H,-,A,D,0,,,Y,,Y,,C,02,1,0,0,0,0,0,0,0,1,"- ","- ",36.004899999999999,-116.4511,INYO,UNINCORPORATED,-116.74900100000001,36.018689000000002
91175577,2019,2020-01-28,9825,2019-12-20,1727,018685,,5,2,9,1400,0,1,3,,1,018,"STATE ROUTE 190","STATE ROUTE 127",43824.00,W,N,A,-,Y,,,190,,,,,,,Y,1,1,7,2,A,-,06,21751,,N,A,C,A,A,H,-,D,D,0,,,,,Y,,A,01,5,2,0,0,0,0,0,0,0,"- ","- ",36.322891235351562,-116.55837249755859,INYO,UNINCORPORATED,-116.55836486816406,36.322895050048828
91468797,2021,2021-05-10,9825,2021-05-02,1000,020736,,7,1,9,1400,0,1,2,,1,007,US-395,"HAIWEE CANYON RD",3168.00,N,N,A,G,Y,,,395,,,,,,,Y,2,0,4,1,A,-,03,22350,,N,F,A,A,A,G,-,A,A,0,,,,,Y,,E,22,1,2,1,0,0,0,0,0,0,"- ","- ",36.163318634033203,-117.97709655761719,INYO,UNINCORPORATED,-117.97714996337891,36.163307189941406
92274991,2023,2023-12-29,9825,2023-12-25,2125,018925,,1,2,9,1400,0,1,2,,1,005,US-395,"BEGOLE ST",400.00,N,N,A,-,Y,,,,,,,,,,N,2,0,1,2,A,-,11,21950,B,N,G,B,D,A,H,-,C,D,0,Y,,,,Y,,N,60,1,0,0,0,1,0,0,0,0,"- ","- ",,,INYO,UNINCORPORATED,-118.06509399414062,36.609500885009766
94418657,2024,2024-10-03,9825,2024-09-19,1357,022520,,4,1,9,1400,0,1,2,,1,007,"US-395 N/B","GILL STATION COSO RD",576.00,S,N,A,-,Y,INY,,395," ",R,17.746,H,,R,Y,2,0,1,1,A,-,08,22107,,N,E,I,A,A,H,-,A,D,0,,,,,Y,,A,01,1,0,0,0,0,0,0,0,0,"- ","- ",36.04412841796875,-117.94660186767578,INYO,UNINCORPORATED,-117.9466552734375,36.044120788574219
91167016,2019,2020-02-19,9825,2019-11-21,0515,020118,,4,3,9,1400,0,1,2,,1,007,"N/B US-395","PEARSON ROAD",0.00,,Y,A,B,Y,,,395,,,,,,,Y,1,2,1,2,A,-,09,21802,A,N,D,C,A,A,H,-,D,A,0,,,,Y,Y,,G,25,1,0,0,0,0,0,0,0,0,"- ","- ",35.798381805419922,-117.87255859375,INYO,UNINCORPORATED,-117.87259674072266,35.798377990722656
90729593,2018,2018-05-18,9825,2018-05-12,1015,020736,,6,1,9,1400,0,1,2,,1,006,US-395,SR-190,455.00,N,N,A,-,Y,,,395,,,,,,,Y,2,0,1,1,A,-,08,22107,,N,F,A,A,A,H,-,A,D,0,,,Y,,Y,,C,02,1,0,0,0,0,0,0,0,1,"- ","- ",36.283390045166016,-118.00685882568359,INYO,UNINCORPORATED,-118.0069580078125,36.283306121826172
91112822,2019,2020-02-19,9825,2019-08-25,1518,018685,,7,2,9,1400,0,1,3,,1,018,SR-190,"20 MULE TEAM RD.",70.00,W,N,A,-,Y,,,,,,,,,,Y,1,1,0,1,A,-,08,22107,,N,E,I,A,A,H,-,A,D,0,,,,,Y,,A,07,0,0,0,0,0,0,0,0,0,"- ","- ",,,INYO,UNINCORPORATED,,
91285518,2020,2020-08-13,9825,2020-08-12,0857,018685,,3,1,9,1400,0,2,4,,2,073,"SCOTTY'S CASTLE RD.","DAYLIGHT PASS RD",50160.00,N,N,A,-,N,,,,,,,,,,Y,2,0,1,1,A,-,08,22107,,N,F,A,A,A,H,-,A,D,0,,,,,Y,,A,08,1,0,0,0,0,0,0,0,0,"- ","- ",36.756278991699219,-117.13327789306641,INYO,UNINCORPORATED,,
90081801,2015,2015-12-24,9825,2015-12-20,0600,020415,,7,1,9,1400,0,1,3,,1,018,SR-190,"DANTES VIEW RD",500.00,E,N,B,-,Y,,,190,,,,,,,Y,2,0,1,1,A,-,08,22107,,N,F,A,A,B,H,-,E,D,0,,,,,Y,,D,22,1,0,0,0,0,0,0,0,0,"- ","- ",36.374319999999997,-116.69398,INYO,UNINCORPORATED,-116.69418548,36.374491489999997
90587052,2017,2017-11-03,9825,2017-10-21,1115,012536,,6,1,9,1400,0,2,4,,2,072,"BADWATER RD.","FURNACE CREEK WASH RD.",79728.00,W,N,A,-,N,,,,,,,,,,Y,2,0,1,1,A,-,03,22350,,N,F,A,A,A,H,-,A,A,0,,,Y,,Y,,C,02,1,0,0,0,0,0,0,0,1,"- ","- ",35.912120000000002,-116.60818,INYO,UNINCORPORATED,-116.60814999999999,35.912042999999997
90456691,2017,2017-05-16,9825,2017-05-07,1052,020118,,7,1,9,1400,0,3,5,,2,060,"PANAMINT VALLEY ROAD",SR-190,5280.00,S,N,A,-,N,,,,,,,,,,Y,1,1,1,2,A,-,08,22107,,N,B,C,A,A,H,-,A,D,0,,,Y,,Y,,C,02,0,1,0,0,0,0,0,1,1,"- ","- ",36.32705,-117.41325000000001,INYO,UNINCORPORATED,-117.41369927,36.327492470000003
91259894,2020,2020-06-29,9825,2020-06-18,1125,016119,,4,1,9,1400,0,1,2,,2,002,"US 395","MACGREGOR AVENUE",0.00,,Y,A,-,Y,,,,,,,,,,Y,2,0,1,2,A,-,09,21801,A,N,D,G,A,A,H,-,A,D,0,,,,,Y,,A,01,1,0,0,0,0,0,0,0,0,"- ","- ",37.375850677490234,-118.41578674316406,INYO,UNINCORPORATED,,
90335728,2016,2016-12-02,9825,2016-11-28,1510,017072,,1,2,9,1400,0,1,3,,2,020,SR-178,NEVADA,10085.00,W,N,A,-,Y,,,178,,,,,,,Y,2,0,1,1,A,-,08,22107,,N,F,A,A,A,H,-,A,D,0,,,Y,,Y,,C,02,1,0,0,0,0,0,0,0,1,"- ","- ",36.160260000000001,-116.14190000000001,INYO,UNINCORPORATED,-116.14188925000001,36.160225070000003
90295142,2016,2016-10-18,9825,2016-10-16,2230,020335,,7,3,9,1400,0,1,2,,1,006,US-395,"LAKE ST",4752.00,S,N,G,-,Y,,,395,,,,,,,Y,2,0,2,1,A,-,03,22350,,N,F,A,A,A,H,-,D,D,0,,,,Y,Y,,G,25,1,0,1,0,0,0,0,0,0,"- ","- ",36.306469999999997,-118.02349,INYO,UNINCORPORATED,-118.02352510999999,36.306454719999998
90580945,2017,2017-10-27,9825,2017-10-25,0800,015522,,3,1,9,1400,0,1,2,,1,003,US-395,"SUNLAND DRIVE",1967.00,S,N,A,-,Y,,,395,,,,,,,Y,2,0,4,1,A,-,08,22107,,N,F,I,A,A,H,-,A,D,0,,,,,Y,,A,01,2,2,0,0,0,0,0,0,0,"- ","- ",37.313330000000001,-118.38491,INYO,UNINCORPORATED,-118.38491618,37.31332681
9317637,2020,2021-09-09,1401,2020-10-18,2254,470,0100,7,5,2,1401,0,0,0,,0,,"CLARKE ST","2ND ST",217.00,W,N,A,-,N,,,,,,,,,,Y,2,0,2,2,A,-,01,23153,,N,H,C,A,A,H,-,C,D,0,,,,,Y,Y,A,01,1,0,1,0,0,0,0,0,0,"- ","- ",37.359901428222656,-118.38971710205078,INYO,BISHOP,-118.38976287841797,37.359615325927734
90024191,2015,2015-10-19,9825,2015-09-25,1045,018685,,5,1,9,1400,0,1,2,,1,006,"US-39 N/B","LUBKEN CANYON RD",0.00,,Y,A,-,Y,,,,,,,,,,Y,2,0,3,2,A,-,09,21802,A,N,D,D,A,A,H,-,A,A,0,,,,,Y,,A,01,1,2,0,0,0,0,0,0,0,"- ","- ",36.542020000000001,-118.04702,INYO,UNINCORPORATED,,
91165471,2020,2020-01-14,9825,2020-01-13,1100,017072,,1,1,9,1400,0,1,3,,1,013,SR-178,"DRY WASH/CULVERT",102.00,E,N,A,-,Y,,,,,,,,,,Y,2,0,2,1,A,-,08,22107,,N,E,I,A,A,H,-,A,D,0,,,,,Y,,D,22,1,0,1,0,0,0,0,0,0,"- ","- ",36.055099487304688,-116.11000061035156,INYO,UNINCORPORATED,,
91492277,2021,2021-06-08,9825,2021-06-07,1815,018685,,1,2,9,1400,0,1,3,,2,020,SR-178,SR-127,9504.00,E,N,A,-,Y,,,178,,,,,,,Y,2,0,3,1,A,-,08,22107,,N,F,A,A,A,H,-,A,D,0,,,,,Y,,A,01,1,2,0,0,0,0,0,0,0,"- ","- ",35.982620239257812,-116.24664306640625,INYO,UNINCORPORATED,-116.24668121337891,35.982639312744141
94443859,2024,2024-11-01,9825,2024-10-18,1045,023336,,5,1,9,1400,0,1,2,,1,004,"US-395 S/B","BLACK ROCK SPRINGS ROAD",158.00,N,N,G,-,Y,INY,,395," ",R,82.433,H,,L,Y,2,0,1,1,A,-,08,22107,,N,E,8,A,A,H,-,A,D,0,,,,,Y,,-,"- ",1,0,0,0,0,0,0,0,0,"- ","- ",36.924930572509766,-118.24122619628906,INYO,UNINCORPORATED,-118.24129486083984,36.924930572509766
90525197,2017,2018-03-14,9825,2017-07-23,1758,020335,,7,2,9,1400,0,2,4,,2,078,"TRONA WILDROSE RD","QUARRY RD",2112.00,N,N,A,-,N,,,,,,,,,,Y,1,2,1,1,A,-,08,22107,,N,F,A,A,A,H,-,A,D,0,,,,,Y,,A,07,0,1,0,0,0,0,0,0,0,"- ","- ",35.924720000000001,-117.33071,INYO,UNINCORPORATED,-117.33114964000001,35.926576519999998
91224083,2020,2020-04-10,9825,2020-04-03,1755,018685,,5,2,9,1400,0,2,4,,2,052,"OLD SPANISH TRAIL HWY","FURNACE CREEK RD",50688.00,E,N,A,-,N,,,,,,,,,,Y,2,0,2,1,A,-,08,22107,,N,F,A,A,A,H,-,A,D,0,,,Y,,Y,,C,02,1,1,0,0,0,0,0,0,2,"- ","- ",35.884071350097656,-116.05724334716797,INYO,UNINCORPORATED,-116.05699157714844,35.882694244384766
90316077,2016,2016-11-10,9825,2016-11-05,1425,018960,,6,2,9,1400,0,1,3,,1,012,SR-168,"DEATH VALLEY RD.",40128.00,E,N,A,-,Y,,,,,,,,,,Y,2,0,1,1,A,-,03,22350,,N,F,A,A,A,B,-,A,D,0,,Y,,,Y,,L,04,1,0,0,0,0,0,1,0,0,"- ","- ",,,INYO,UNINCORPORATED,-118.16330897,37.252197709999997
91516761,2021,2021-07-09,9825,2021-07-05,1415,022390,,1,2,9,1400,0,1,2,,1,007,US-395,"COSO GILL STATION RD",0.00,,Y,A,-,Y,,,395,,,,,,,Y,2,0,1,2,A,-,09,21802,A,N,D,C,A,A,H,-,A,A,0,,,,,Y,,A,01,1,0,0,0,0,0,0,0,0,"- ","- ",36.045829772949219,-117.94721984863281,INYO,UNINCORPORATED,-117.94719696044922,36.04583740234375
90689683,2018,2018-03-26,9825,2018-03-17,1330,017941,,6,1,9,1400,0,3,5,,2,050,"TITUS CANYON ROAD","SCOTTY'S CASTLE ROAD",29040.00,E,N,A,-,N,,,,,,,,,,N,2,0,1,1,A,-,08,22107,,N,F,A,A,A,G,-,A,D,0,,,Y,,Y,,C,02,1,0,0,0,0,0,0,0,1,"- ","- ",36.8212890625,-117.17491149902344,INYO,UNINCORPORATED,-117.134219,36.823892999999998
91253426,2020,2020-06-17,9825,2020-05-31,1241,018685,,7,1,9,1400,0,1,3,,2,017,SR-178,SR-127,9979.00,E,N,A,-,Y,,,178,,,,,,,Y,1,3,4,2,A,-,08,22107,,N,A,C,A,A,H,-,A,D,0,,,,,Y,Y,D,22,4,0,0,0,0,0,0,0,0,"- ","- ",35.982719421386719,-116.24639129638672,INYO,UNINCORPORATED,-116.24658966064453,35.982818603515625
90980431,2019,2019-05-02,9825,2019-04-27,1900,017072,,6,2,9,1400,0,1,3,,1,019,SR-127,"DEADMANS PASS ROAD",1056.00,N,N,A,-,Y,,,,,,,,,,Y,2,0,1,1,A,-,08,22107,,N,F,A,A,A,H,-,A,D,0,,,Y,,Y,,C,02,1,0,0,0,0,0,0,0,1,"- ","- ",36.123798370361328,-116.23410034179688,INYO,UNINCORPORATED,-116.39850616455078,36.213111877441406
6690805,2014,2014-12-29,9825,2014-10-26,2000,020415,,7,2,9,1400,0,1,3,,1,019,"RT 127","RANGER RD",5280.00,S,N,A,-,Y,,,127,,,,,,,Y,2,0,1,1,A,-,08,22107,,N,F,A,A,A,H,-,D,D,0,,,,,Y,,A,01,1,0,0,0,0,0,0,0,0,"- ","- ",35.942259999999997,-116.26891000000001,INYO,UNINCORPORATED,-116.26955941999999,35.942180520000001
91340980,2020,2021-02-03,9825,2020-08-01,0345,020736,,6,3,9,1400,0,1,2,,1,006,US-395,"LOCUST ST.",246.00,N,N,A,-,Y,,,395,,,,,,,Y,1,1,0,1,A,-,08,22107,,N,E,I,A,A,H,-,C,A,0,,,,Y,Y,,G,25,0,0,0,0,0,0,0,0,0,"- ","- ",36.608318328857422,-118.06482696533203,INYO,UNINCORPORATED,-118.06475067138672,36.608352661132812