CASE_ID,ACCIDENT_YEAR,PROC_DATE,JURIS,COLLISION_DATE,COLLISION_TIME,OFFICER_ID,REPORTING_DISTRICT,DAY_OF_WEEK,CHP_SHIFT,POPULATION,CNTY_CITY_LOC,SPECIAL_COND,BEAT_TYPE,CHP_BEAT_TYPE,CITY_DIVISION_LAPD,CHP_BEAT_CLASS,BEAT_NUMBER,PRIMARY_RD,SECONDARY_RD,DISTANCE,DIRECTION,INTERSECTION,WEATHER_1,WEATHER_2,STATE_HWY_IND,CALTRANS_COUNTY,CALTRANS_DISTRICT,STATE_ROUTE,ROUTE_SUFFIX,POSTMILE_PREFIX,POSTMILE,LOCATION_TYPE,RAMP_INTERSECTION,SIDE_OF_HWY,TOW_AWAY,COLLISION_SEVERITY,NUMBER_KILLED,NUMBER_INJURED,PARTY_COUNT,PRIMARY_COLL_FACTOR,PCF_CODE_OF_VIOL,PCF_VIOL_CATEGORY,PCF_VIOLATION,PCF_VIOL_SUBSECTION,HIT_AND_RUN,TYPE_OF_COLLISION,MVIW,PED_ACTION,ROAD_SURFACE,ROAD_COND_1,ROAD_COND_2,LIGHTING,CONTROL_DEVICE,CHP_ROAD_TYPE,PEDESTRIAN_ACCIDENT,BICYCLE_ACCIDENT,MOTORCYCLE_ACCIDENT,TRUCK_ACCIDENT,NOT_PRIVATE_PROPERTY,ALCOHOL_INVOLVED,STWD_VEHTYPE_AT_FAULT,CHP_VEHTYPE_AT_FAULT,COUNT_SEVERE_INJ,COUNT_VISIBLE_INJ,COUNT_COMPLAINT_PAIN,COUNT_PED_KILLED,COUNT_PED_INJURED,COUNT_BICYCLIST_KILLED,COUNT_BICYCLIST_INJURED,COUNT_MC_KILLED,COUNT_MC_INJURED,PRIMARY_RAMP,SECONDARY_RAMP,LATITUDE,LONGITUDE,COUNTY,CITY,POINT_X,POINT_Y
91597572,2021,2021-10-15,9825,2021-10-05,1405,017565,,2,2,9,1400,0,1,2,,2,001,"US 395 N/OF BROCKMAN LANE","BROCKMAN LANE",2640.00,N,N,A,-,Y,,,,,,,,,,Y,2,0,3,3,A,-,08,22100,B,N,D,C,A,A,H,-,A,D,0,,,,,Y,,A,01,1,0,2,0,0,0,0,0,0,"- ","- ",37.375911712646484,-118.44184112548828,INYO,UNINCORPORATED,-118.43209838867188,37.375850677490234
90027962,2015,2015-10-19,9825,2015-10-05,1200,020415,,1,1,9,1400,0,1,3,,2,017,SR-190,SR-127,58080.00,W,N,B,-,Y,,,190,,,,,,,Y,2,0,1,1,A,-,08,22107,,N,F,A,A,B,F,-,A,D,0,,,Y,,Y,,C,02,1,0,0,0,0,0,0,0,1,"- ","- ",36.352040000000002,-116.64023,INYO,UNINCORPORATED,-116.64015096,36.352326400000003
91692995,2022,2022-02-03,9825,2022-01-25,1533,020118,,2,2,9,1400,0,1,2,,1,005,US-395,"PARK STREET",50.00,S,N,A,-,Y,INY,,395,,,73.125,H,,R,Y,2,0,1,2,A,-,03,22350,,N,B,2,A,A,H,-,A,D,0,,,,,Y,,D,22,1,0,0,0,0,0,0,0,0,"- ","- ",36.798690795898438,-118.19722747802734,INYO,UNINCORPORATED,-118.19728851318359,36.798667907714844
94435433,2024,2024-10-17,9825,2024-10-09,1732,023988,,3,2,2,1401,0,1,2,,2,001,"US HWY 395 NORTHBOUND","BROCKMAN LN.",20.00,N,N,A,-,N,,,,,,,,,,Y,2,0,1,5,A,-,01,23152,A,N,D,4,F,A,H,-,B,D,0,Y,,,,Y,Y,A,01,1,0,0,0,1,0,0,0,0,"- ","- ",37.375938415527344,-118.43254089355469,INYO,BISHOP,-120.50231170654297,40.960926055908203
90176079,2016,2016-05-10,9825,2016-04-23,1538,018685,,6,2,9,1400,0,1,2,,1,007,"US-395 N/B","LITTLE LAKE RD",678.00,S,N,A,-,Y,,,395,,,,,,N,Y,2,0,29,1,C,-,18,,,N,E,I,A,A,H,-,A,D,0,,,,,Y,,-,"- ",3,17,9,0,0,0,0,0,0,"- ","- ",35.937579999999997,-117.90575,INYO,UNINCORPORATED,-117.90583239999999,35.937567999999999
91345995,2020,2020-11-16,9825,2020-11-13,1635,018685,,5,2,9,1400,0,1,3,,2,017,SR-190,"WILDROSE RD",32208.00,W,N,A,-,Y,,,,,,,,,,Y,2,0,1,1,A,-,08,22107,,N,F,A,A,A,H,-,A,D,0,,,,,Y,,A,07,1,0,0,0,0,0,0,0,0,"- ","- ",,,INYO,UNINCORPORATED,-117.27111053466797,36.418540954589844
91479649,2021,2021-05-24,9825,2021-05-17,0155,020530,,1,3,9,1400,0,3,5,,2,040,"S. BARLOW LN.","BIR RD.",80.00,N,N,B,-,N,,,,,,,,,,Y,2,0,1,1,A,-,01,23152,A,N,E,I,A,A,H,-,D,D,0,,,,,Y,Y,A,07,1,0,0,0,0,0,0,0,0,"- ","- ",37.339099884033203,-118.42275238037109,INYO,UNINCORPORATED,-118.42282104492188,37.3382568359375
92201446,2023,2023-10-17,9825,2023-09-29,1345,023376,,5,1,9,1400,0,1,3,,1,012,SR-168,"WHITE MOUNTAIN RD",6336.00,W,N,A,-,Y,INY,,168," "," ",30.189,H,,R,Y,2,0,1,1,A,-,08,22107,,N,F,I,A,A,H,-,A,D,0,,,Y,,Y,,-,"- ",1,0,0,0,0,0,0,0,1,"- ","- ",37.266281127929688,-118.15653228759766,INYO,UNINCORPORATED,-118.15641784667969,37.266262054443359
90402144,2017,2017-03-09,9825,2017-02-27,1629,013479,,1,2,9,1400,0,1,2,,1,003,"US-395 S/B","KEOUGH HOT SPRINGS RD",0.00,,Y,A,-,Y,,,395,,,,,,S,Y,1,1,1,2,A,-,09,21802,A,N,D,C,A,A,H,-,B,A,0,,,,,Y,,A,01,0,1,0,0,0,0,0,0,0,"- ","- ",37.258769999999998,-118.36121,INYO,UNINCORPORATED,-118.36125323,37.258747909999997
7005504,2015,2015-07-28,9825,2015-07-04,1000,018925,,6,1,9,1400,0,3,5,,2,040,"FIVE BRIDGES RD","FISH SLOUGH RD",63.00,E,N,B,-,N,,,,,,,,,,Y,2,0,1,1,A,-,01,23152,A,M,E,I,A,A,H,-,A,D,0,,,,,Y,Y,A,01,1,0,0,0,0,0,0,0,0,"- ","- ",,,INYO,UNINCORPORATED,,
91139092,2019,2020-02-21,9825,2019-07-07,2220,020530,,7,3,9,1400,0,1,2,,1,006,US-395,SR-190,478.00,N,N,A,-,Y,,,395,,,,,,,Y,1,3,4,2,A,-,01,23152,A,N,A,C,A,A,H,-,D,D,0,,,,,Y,Y,D,22,4,0,0,0,0,0,0,0,0,"- ","- ",36.283519744873047,-118.00721740722656,INYO,UNINCORPORATED,-118.00719451904297,36.283546447753906
6811139,2015,2016-09-09,9825,2015-02-01,1030,020415,,7,1,9,1400,0,1,3,,1,019,"RT 127","RT 178",68640.00,N,N,A,-,Y,INY,9,127,-,-,29.430,H,-,N,N,2,0,1,2,A,-,03,22350,,N,C,C,A,A,H,-,A,D,0,,,Y,,Y,,C,02,1,0,0,0,0,0,0,0,1,"- ","- ",36.069110000000002,-116.28894,INYO,UNINCORPORATED,-116.32892264,36.175658349999999
91223714,2020,2020-04-09,9825,2020-03-30,1650,018685,,1,2,9,1400,0,2,4,,2,052,"OLD SPANISH TRAIL HWY","FURNACE CREEK RD",44880.00,E,N,A,-,N,,,,,,,,,,Y,2,0,2,1,A,-,08,22107,,N,F,A,A,A,H,-,A,D,0,,,Y,,Y,,C,02,2,0,0,0,0,0,0,0,2,"- ","- ",35.882659912109375,-116.05902862548828,INYO,UNINCORPORATED,-116.07334136962891,35.888626098632812
6752561,2014,2015-02-05,9825,2014-12-21,0837,018925,,7,1,9,1400,0,1,2,,2,001,"US 395","SAWMILL RD",3168.00,S,N,A,-,Y,,,,,,,,,,Y,2,0,1,1,C,-,18,,,N,E,I,A,A,H,-,A,D,0,,,,,Y,,-,"- ",1,0,0,0,0,0,0,0,0,"- ","- ",37.373930000000001,-118.42758000000001,INYO,UNINCORPORATED,-118.49088150999999,37.385974660000002
90552858,2017,2017-09-21,9825,2017-09-19,1230,017072,,2,1,9,1400,0,2,4,,2,072,"BADWATER RD","MORMON POINT",8976.00,N,N,A,-,N,,,,,,,,,,Y,2,0,1,2,A,-,06,21751,,N,B,C,A,A,H,-,A,D,0,,,Y,,Y,,C,02,1,0,0,0,0,0,0,0,1,"- ","- ",36.061,-116.43559999999999,INYO,UNINCORPORATED,-116.747461,36.069015
91184355,2020,2020-02-11,9825,2020-02-09,1058,018685,,7,1,9,1400,0,1,3,,1,019,SR-127,"STATELINE RD",14256.00,S,N,B,-,Y,,,127,,,,,,,Y,2,0,1,1,A,-,08,22107,,N,F,A,A,A,H,-,A,D,0,,,Y,,Y,,C,02,1,0,0,0,0,0,0,0,1,"- ","- ",36.265998840332031,-116.43448638916016,INYO,UNINCORPORATED,-116.43443298339844,36.266021728515625
6517188,2014,2016-03-29,9825,2014-06-07,0915,12536,,6,1,9,1400,0,1,3,,2,016,"RT 190","SALINE VALLEY RD",12144.00,E,N,A,-,Y,INY,9,190,-,-,43.960,H,-,E,Y,2,0,1,1,A,-,03,22350,,N,F,A,A,A,H,-,A,A,0,,,Y,,Y,,C,02,1,0,0,0,0,0,0,0,1,"- ","- ",36.372799999999998,-117.61021,INYO,UNINCORPORATED,-117.5930086,36.377483040000001
92325618,2024,2024-02-28,9825,2024-01-05,2330,020736,,5,3,9,1400,0,1,3,,1,019,SR-127,SR-190,8184.00,N,N,A,-,Y,INY,,127," "," ",43.708,H,,R,Y,1,1,0,1,A,-,08,22107,,N,F,A,A,A,H,-,D,D,0,,,,Y,Y,,G,25,0,0,0,0,0,0,0,0,0,"- ","- ",36.326248168945312,-116.42278289794922,INYO,UNINCORPORATED,-116.42281341552734,36.326240539550781
90663139,2018,2018-02-16,9825,2018-02-11,1105,017072,,7,1,9,1400,0,1,3,,1,019,SR-127,"DEADMANS PASS ROAD",19536.00,S,N,A,-,Y,,,,,,,,,,Y,2,0,1,1,A,-,08,22107,,N,F,A,A,A,H,-,A,D,0,,,Y,,Y,,C,02,1,0,0,0,0,0,0,0,1,"- ","- ",36.104000091552734,-116.20349884033203,INYO,UNINCORPORATED,-116.34198760986328,36.187751770019531
91073746,2019,2019-09-17,9825,2019-09-09,1600,017072,,1,2,9,1400,0,2,4,,2,072,"BADWATER RD","DESOLATION CYN",4752.00,S,N,A,-,N,,,,,,,,,,Y,2,0,2,3,A,-,05,21460,A,N,B,C,A,A,H,-,A,D,0,,,Y,,Y,,A,07,2,0,0,0,0,0,0,0,2,"- ","- ",36.230899810791016,-116.51080322265625,INYO,UNINCORPORATED,-116.76709747314453,36.229816436767578
94389781,2024,2024-09-11,9825,2024-07-12,1620,023468,,5,2,9,1400,0,1,3,,1,011,"STARLITE DR.","SR-168 WEST",452.00,W,N,A,-,N,,,,,,,,,,Y,1,1,1,1,A,-,08,22107,,N,F,A,A,A,H,-,A,D,0,,,,,Y,,D,22,1,0,0,0,0,0,0,0,0,"- ","- ",37.333381652832031,-118.52308654785156,INYO,UNINCORPORATED,-118.52291107177734,37.333244323730469
94681627,2025,2025-05-09,9825,2025-05-01,1135,017941,,4,1,9,1400,0,1,3,,2,020,"STATE ROUTE 178","NEVADA STATE LINE",19008.00,W,N,A,-,Y,INY,,178," "," ",58.345,H,,R,N,2,0,1,1,A,-,08,22107,,N,F,A,A,A,H,-,A,D,0,,,Y,,Y,,C,02,1,0,0,0,0,0,0,0,1,"- ","- ",36.141719818115234,-116.16600036621094,INYO,UNINCORPORATED,-116.16596984863281,36.141704559326172
90397851,2017,2017-02-22,9825,2017-02-19,1115,020415,,7,1,9,1400,0,2,4,,2,072,"BADWATER RD",SR-190,179520.00,S,N,B,-,N,,,,,,,,,,N,2,0,1,1,A,-,08,22107,,N,F,A,A,B,H,-,A,D,0,,,Y,,Y,,C,02,1,0,0,0,0,0,0,0,1,"- ","- ",35.981250000000003,-116.73175999999999,INYO,UNINCORPORATED,-116.75914596,36.039598239999997
91942630,2022,2022-12-14,9825,2022-10-07,0410,020736,,5,3,9,1400,0,3,5,,2,050,"TECOPA HOT SPRINGS ROAD","FURNACE CREEK ROAD",1030.00,N,N,A,-,N,,,,,,,,,,Y,1,2,0,1,A,-,01,23152,A,N,F,A,A,A,H,-,D,D,0,,,,,Y,Y,A,01,0,0,0,0,0,0,0,0,0,"- ","- ",35.883861541748047,-116.23377990722656,INYO,UNINCORPORATED,-116.23380279541016,35.883831024169922
6778485,2015,2016-09-13,9825,2015-01-18,1130,17941,,7,1,9,1400,0,1,3,,1,018,"RT 190","RYAN RD",6864.00,E,N,A,-,Y,INY,9,190,-,-,123.800,H,-,W,N,2,0,2,1,A,-,08,22107,,N,F,A,A,A,H,-,A,D,0,,,Y,,Y,,C,02,1,1,0,0,0,0,0,0,2,"- ","- ",,,INYO,UNINCORPORATED,-116.69183904,36.376482580000001
92070132,2023,2023-05-16,9825,2023-05-10,1428,017941,,3,2,9,1400,0,1,3,,1,018,"STATE ROUTE 190","BLM ROAD AR441",9504.00,W,N,A,-,Y,INY,,190," "," ",124.906,H,,R,Y,2,0,2,1,A,-,08,22107,,N,E,I,A,A,H,-,A,D,0,,,,,Y,,A,07,1,1,0,0,0,0,0,0,0,"- ","- ",36.374229431152344,-116.67382049560547,INYO,UNINCORPORATED,-116.67383575439453,36.374183654785156
94475076,2024,2024-11-19,9825,2024-11-07,"720 ",017941,,4,1,9,1400,0,1,3,,1,018,"STATE ROUTE 190","STATE ROUTE 127",0.00,,Y,A,-,Y,INY,,190," "," ",140.692,H,,R,Y,2,0,3,1,A,-,01,23152,A,N,F,J,A,A,H,-,B,A,0,,,,,Y,Y,A,01,1,2,0,0,0,0,0,0,0,"- ","- ",36.304580688476562,-116.41513061523438,INYO,UNINCORPORATED,-116.41520690917969,36.304634094238281
91531083,2021,2021-09-27,9825,2021-04-27,1125,017072,,2,1,9,1400,0,1,3,,2,020,SR-178,"CHICAGO VALLEY RD",20064.00,E,N,B,-,Y,,,,,,,,,,Y,2,0,2,2,A,-,03,22350,,N,C,C,A,A,D,-,A,A,0,,,,,Y,,A,08,2,0,0,0,0,0,0,0,0,"- ","- ",36.024700164794922,-116.11289978027344,INYO,UNINCORPORATED,-116.18991088867188,36.055419921875
91937680,2022,2023-02-17,9825,2022-10-14,1912,020736,,5,2,9,1400,0,1,2,,1,006,US-395,SR-136,1260.00,N,N,A,-,Y,INY,,395,,,56.064,H,,R,Y,1,1,0,2,A,-,11,21954,A,N,G,B,D,A,H,-,D,D,0,Y,,,,Y,,N,60,0,0,0,1,0,0,0,0,0,"- ","- ",36.582809448242188,-118.05751800537109,INYO,UNINCORPORATED,-118.05750274658203,36.582809448242188
90886439,2018,2018-12-19,9825,2018-12-11,0515,018685,,2,3,9,1400,0,1,3,,1,015,"SR-136 W/B","E DOLOMITE LOOP RD",3696.00,E,N,A,-,Y,,,136,,,,,,W,Y,2,0,2,1,A,-,08,22107,,N,F,A,A,A,H,-,D,D,0,,,,,Y,,A,01,1,1,0,0,0,0,0,0,0,"- ","- ",36.53070068359375,-117.91506195068359,INYO,UNINCORPORATED,-117.91499328613281,36.530841827392578
90968439,2019,2019-04-16,9825,2019-04-13,2200,020118,,6,3,9,1400,0,3,5,,2,060,"MOVIE ROAD","WHITNEY PORTAL ROAD",10560.00,N,N,A,-,N,,,,,,,,,,N,2,0,2,1,A,-,08,22107,,N,F,A,A,A,H,-,D,D,0,,,Y,,Y,Y,C,06,2,0,0,0,0,0,0,0,2,"- ","- ",36.612529754638672,-118.11770629882812,INYO,UNINCORPORATED,-118.11814117431641,36.612251281738281
91104314,2019,2019-10-23,9825,2019-10-13,1938,018685,,7,2,9,1400,0,3,5,,2,050,"TECOPA HOT SPRINGS RD","OLD SPANISH TRAIL HWY",5280.00,N,N,A,-,N,,,,,,,,,,Y,2,0,1,1,A,-,03,22350,,N,F,A,A,A,G,-,B,D,0,,,,,Y,,A,01,1,0,0,0,0,0,0,0,0,"- ","- ",35.858589172363281,-116.23194885253906,INYO,UNINCORPORATED,-116.22554016113281,35.848289489746094
91966136,2023,2023-01-11,9825,2023-01-06,"750 ",018925,,5,1,9,1400,0,1,2,,1,005,US-395,"PANGBORNE LN",7392.00,N,N,A,-,Y,INY,,395," ",R,60.285,H,,R,Y,2,0,1,1,A,-,03,22350,,N,F,0,A,C,H,-,A,D,0,,,,,Y,,D,22,1,0,0,0,0,0,0,0,0,"- ","- ",36.639350891113281,-118.08036041259766,INYO,UNINCORPORATED,-118.08057403564453,36.639259338378906
91307393,2020,2020-09-18,9825,2020-09-09,1500,022390,,3,2,9,1400,0,1,3,,2,016,SR-190,"PANAMINT VALLEY RD",44880.00,E,N,A,-,Y,,,190,,,,,,,Y,2,0,4,1,A,-,03,22350,,N,E,I,A,A,H,-,A,D,0,,,,,Y,,A,01,2,2,0,0,0,0,0,0,0,"- ","- ",36.369640350341797,-117.28629302978516,INYO,UNINCORPORATED,-117.28620910644531,36.369590759277344
91530637,2021,2021-07-28,9825,2021-07-19,2115,017565,,1,2,9,1400,0,1,2,,1,004,"US 395","GOODALE ROAD",5808.00,S,N,A,-,Y,,,,,,,,,,Y,2,0,3,2,A,-,01,23153,A,N,C,2,A,A,H,-,D,D,0,,,,,Y,Y,A,01,2,0,1,0,0,0,0,0,0,"- ","- ",36.958370208740234,-118.23983764648438,INYO,UNINCORPORATED,-118.23976898193359,36.962699890136719
91746248,2022,2022-04-12,9825,2022-04-05,1800,019814,,2,2,9,1400,0,3,5,,2,040,"BAKER CREEK ROAD","BAKER CREEK CAMPGROUND ROAD",33.00,E,N,A,-,N,,,,,,,,,,N,2,0,1,1,A,-,08,22107,,N,E,I,A,A,H,-,A,D,0,,Y,,,Y,,-,"- ",1,0,0,0,0,0,1,0,0,"- ","- ",37.169731140136719,-118.30763244628906,INYO,UNINCORPORATED,,
91989740,2022,2023-02-08,9825,2022-09-26,1235,016119,,1,1,9,1400,0,1,3,,1,015,SR-136,"DOLOMITE LOOPE ROAD",13728.00,E,N,A,-,Y,INY,,136,,,5.973,H,,R,N,1,1,0,1,A,-,08,22107,,N,F,A,A,A,H,-,A,D,0,,,,,Y,,A,07,0,0,0,0,0,0,0,0,0,"- ","- ",36.555038452148438,-117.95867156982422,INYO,UNINCORPORATED,-117.95864868164062,36.555061340332031
91597583,2021,2021-10-15,9825,2021-10-07,1830,017941,,4,2,9,1400,0,2,4,,2,052,"OLD SPANISH TRAIL HWY","FURNACE CREEK WASH RD",118.00,W,N,A,-,N,,,,,,,,,,N,2,0,1,1,A,-,08,22107,,N,F,A,A,A,H,-,B,D,0,,,Y,,Y,,C,02,1,0,0,0,0,0,0,0,1,"- ","- ",36.032150268554688,-116.19335174560547,INYO,UNINCORPORATED,-116.2059326171875,35.848762512207031
90777550,2018,2018-07-26,9825,2018-07-18,1814,017057,,3,2,9,1400,0,3,5,,2,040,"GERKIN RD","SUNLAND DR",0.00,,Y,B,-,N,,,,,,,,,,Y,2,0,4,2,A,-,09,21802,A,N,D,C,A,A,H,-,A,A,0,,,,,Y,,D,22,1,3,0,0,0,0,0,0,0,"- ","- ",37.317939758300781,-118.39057922363281,INYO,UNINCORPORATED,-118.39058685302734,37.317951202392578
94388577,2024,2024-09-10,9825,2024-09-04,1321,021622,,3,1,9,1400,0,1,2,,1,006,US-395,"WALKER CREEK ROAD",1060.00,N,N,A,-,Y,INY,,395," "," ",33.251,H,,R,Y,2,0,1,2,A,-,08,22107,,N,B,D,A,A,H,-,A,D,0,,,,,Y,,A,08,1,0,0,0,0,0,0,0,0,"- ","- ",36.263168334960938,-117.99698638916016,INYO,UNINCORPORATED,-117.99696350097656,36.263179779052734
94681568,2024,2025-05-09,9825,2024-09-02,1328,022520,,1,1,9,1400,0,1,2,,1,006,"US-395 SOUTHBOUND","COTTONWOOD ROAD",9451.00,N,N,A,-,Y,INY,,395," "," ",48.021,H,,L,Y,1,2,2,1,A,-,08,22107,,N,F,A,A,A,H,-,A,D,0,,,,,Y,,-,"- ",0,2,0,0,0,0,0,0,0,"- ","- ",36.469570159912109,-118.03639221191406,INYO,UNINCORPORATED,-118.03640747070312,36.469570159912109
91796896,2022,2022-06-16,9825,2022-06-04,0515,016119,,6,3,9,1400,0,1,2,,1,004,"US 395","ELNA ROAD",8976.00,S,N,A,-,Y,INY,,395,,,90.286,H,,R,Y,2,0,1,1,A,-,08,22107,,N,F,A,A,A,H,-,B,D,0,,,,,Y,,D,22,1,0,0,0,0,0,0,0,0,"- ","- ",37.031780242919922,-118.23142242431641,INYO,UNINCORPORATED,-118.23137664794922,37.031784057617188
92081189,2023,2023-06-28,9825,2023-05-06,1050,020118,,6,1,9,1400,0,1,3,,2,016,SR-190,"PANAMINT VALLEY ROAD",16368.00,W,N,A,-,Y,INY,,190," "," ",54.670,H,,R,Y,1,1,0,2,A,-,08,22107,,N,A,C,A,A,H,-,A,D,0,,,Y,,Y,,C,02,0,0,0,0,0,0,0,1,0,"- ","- ",36.335491180419922,-117.47901916503906,INYO,UNINCORPORATED,-117.47892761230469,36.335548400878906
92165661,2023,2023-09-08,9825,2023-09-01,2330,020118,,5,3,9,1400,0,1,2,,1,006,"S/B US-395","BARTLETT ROAD",6864.00,S,N,A,G,Y,INY,,395," "," ",48.307,H,,L,Y,2,0,1,1,A,-,08,22107,,N,E,8,A,A,H,-,D,D,0,,,,,Y,,A,08,1,0,0,0,0,0,0,0,0,"- ","- ",36.473709106445312,-118.03636169433594,INYO,UNINCORPORATED,-118.03624725341797,36.473709106445312
90806930,2018,2018-09-06,9825,2018-08-31,1830,020125,,5,2,9,1400,0,3,5,,2,040,"GLACIER LODGE RD",US-395,42240.00,W,N,A,-,N,,,,,,,,,,Y,2,0,1,1,A,-,03,22350,,N,E,J,A,A,H,-,A,D,0,,,,,Y,,D,23,1,0,0,0,0,0,0,0,0,"- ","- ",37.749290466308594,-118.24479675292969,INYO,UNINCORPORATED,-118.40428161621094,37.128131866455078
6788163,2015,2015-02-25,9825,2015-01-16,1140,017072,,5,1,9,1400,0,2,4,,2,072,"BADWATER RD","HARRY WADE RD",14784.00,W,N,A,-,N,,,,,,,,,,Y,2,0,1,1,A,-,08,22107,,N,F,A,A,A,H,-,A,D,0,,,Y,,Y,,C,02,1,0,0,0,0,0,0,0,1,"- ","- ",35.911949999999997,-116.60802,INYO,UNINCORPORATED,-116.69152794999999,35.928309480000003
90107448,2016,2016-02-02,9825,2016-01-31,1200,020415,,7,1,9,1400,0,2,4,,2,072,"WEST SIDE ROAD","BADWATER RD",18480.00,W,N,B,-,N,,,,,,,,,,Y,2,0,1,1,A,-,03,22350,,N,F,A,A,B,H,-,A,D,0,,,Y,,Y,,C,02,1,0,0,0,0,0,0,0,1,"- ","- ",35.960259999999998,-116.75248000000001,INYO,UNINCORPORATED,-116.88165893,36.325859979999997
90365308,2017,2017-03-30,9825,2017-01-07,1200,019814,,6,1,9,1400,0,1,2,,1,004,US-395,"BLACK ROCK SPRINGS RD",0.00,,N,D,-,Y,,,395,,,,,,,Y,2,0,1,1,A,-,03,22350,,N,F,I,A,C,H,-,A,D,0,,,,,Y,,D,22,1,0,0,0,0,0,0,0,0,"- ","- ",36.897320000000001,-118.24160999999999,INYO,UNINCORPORATED,-118.24162397000001,36.897320610000001
6464750,2014,2014-07-23,9825,2014-04-16,1800,17072.,,3,2,9,1400,0,2,4,,2,072,"BADWATER RD","BADWATER VISITOR'S CENTER",11088.00,S,N,A,-,N,,,,,,,,,,Y,2,0,1,1,A,-,08,22107,,N,F,A,A,A,H,-,A,D,0,,,Y,,Y,,C,02,1,0,0,0,0,0,0,0,1,"- ","- ",36.20872,-116.7863,INYO,UNINCORPORATED,-116.76712499999999,36.229785999999997
90906945,2019,2019-01-17,9825,2019-01-12,0340,018685,,6,3,9,1400,0,1,2,,1,006,"US-395 N/B","INYO ST",0.00,,Y,A,-,Y,,,395,,,,,,N,Y,2,0,1,1,A,-,08,22107,,N,E,I,A,A,H,-,C,D,0,,,,,Y,,A,07,1,0,0,0,0,0,0,0,0,"- ","- ",36.601230621337891,-118.06130981445312,INYO,UNINCORPORATED,-118.06121826171875,36.601280212402344
90242287,2016,2016-08-10,9825,2016-08-09,2145,020335,,2,2,9,1400,0,1,2,,1,006,US-395,"BARTELL RD",4752.00,S,N,A,-,Y,,,395,,,,,,,Y,2,0,1,1,C,-,18,,,N,E,I,A,A,H,-,D,D,0,,,,,Y,,-,"- ",1,0,0,0,0,0,0,0,0,"- ","- ",36.46998,-118.03581,INYO,UNINCORPORATED,-118.03592570000001,36.469987119999999
90103957,2016,2016-01-27,9825,2016-01-19,1826,018925,,2,2,9,1400,0,3,5,,2,040,"BIR RD","BARLOW LANE",1584.00,W,N,A,-,N,,,,,,,,,,Y,2,0,6,1,A,-,01,23152,E,F,E,I,A,A,H,-,D,D,0,,,,,Y,,A,01,1,4,1,0,0,0,0,0,0,"- ","- ",37.335160000000002,-118.42621,INYO,UNINCORPORATED,-118.42640651000001,37.335017690000001
90615753,2017,2017-12-12,9825,2017-12-07,1715,013479,,4,2,9,1400,0,3,5,,2,040,"POLETA ROAD","AIRPORT ROAD",0.00,,Y,A,-,N,,,,,,,,,,Y,2,0,1,2,A,-,12,22450,A,N,D,C,A,A,H,-,D,A,0,,,,,Y,,D,22,1,0,0,0,0,0,0,0,0,"- ","- ",37.361510000000003,-118.36790000000001,INYO,UNINCORPORATED,-118.36792007,37.361490000000003
90587044,2017,2017-11-03,9825,2017-10-21,1116,012536,,6,1,9,1400,0,2,4,,2,072,"BADWATER RD.","FURNACE CREEK WASH RD.",79728.00,W,N,A,-,N,,,,,,,,,,Y,2,0,2,1,A,-,03,22350,,N,E,I,A,A,H,-,A,A,0,,,Y,,Y,,C,02,2,0,0,0,0,0,0,0,2,"- ","- ",35.912120000000002,-116.60818,INYO,UNINCORPORATED,-116.60812900000001,35.912042999999997
90202385,2016,2016-06-15,9825,2016-06-10,1124,014450,,5,1,9,1400,0,1,3,,1,011,"SR-168 (WEST) W/OF E. BISHOP CREEK RD.","BISHOP CREEK ROAD",528.00,W,N,A,-,Y,,,,,,,,,,Y,2,0,2,1,A,-,08,22107,,N,F,A,A,A,H,-,A,D,0,,,,,Y,,A,07,1,1,0,0,0,0,0,0,0,"- ","- ",37.204889999999999,-118.29088,INYO,UNINCORPORATED,-118.53924678999999,37.299450190000002
91345068,2020,2020-11-13,9825,2020-11-11,1150,017072,,3,1,9,1400,0,1,3,,1,019,SR-127,"FURNACE CREEK WASH RD",6019.00,N,N,A,-,Y,,,,,,,,,,Y,2,0,3,1,A,-,08,22107,,N,E,I,A,A,H,-,A,D,0,,,,,Y,,A,01,2,1,0,0,0,0,0,0,0,"- ","- ",35.5458984375,-116.16000366210938,INYO,UNINCORPORATED,,