CASE_ID,ACCIDENT_YEAR,PROC_DATE,JURIS,COLLISION_DATE,COLLISION_TIME,OFFICER_ID,REPORTING_DISTRICT,DAY_OF_WEEK,CHP_SHIFT,POPULATION,CNTY_CITY_LOC,SPECIAL_COND,BEAT_TYPE,CHP_BEAT_TYPE,CITY_DIVISION_LAPD,CHP_BEAT_CLASS,BEAT_NUMBER,PRIMARY_RD,SECONDARY_RD,DISTANCE,DIRECTION,INTERSECTION,WEATHER_1,WEATHER_2,STATE_HWY_IND,CALTRANS_COUNTY,CALTRANS_DISTRICT,STATE_ROUTE,ROUTE_SUFFIX,POSTMILE_PREFIX,POSTMILE,LOCATION_TYPE,RAMP_INTERSECTION,SIDE_OF_HWY,TOW_AWAY,COLLISION_SEVERITY,NUMBER_KILLED,NUMBER_INJURED,PARTY_COUNT,PRIMARY_COLL_FACTOR,PCF_CODE_OF_VIOL,PCF_VIOL_CATEGORY,PCF_VIOLATION,PCF_VIOL_SUBSECTION,HIT_AND_RUN,TYPE_OF_COLLISION,MVIW,PED_ACTION,ROAD_SURFACE,ROAD_COND_1,ROAD_COND_2,LIGHTING,CONTROL_DEVICE,CHP_ROAD_TYPE,PEDESTRIAN_ACCIDENT,BICYCLE_ACCIDENT,MOTORCYCLE_ACCIDENT,TRUCK_ACCIDENT,NOT_PRIVATE_PROPERTY,ALCOHOL_INVOLVED,STWD_VEHTYPE_AT_FAULT,CHP_VEHTYPE_AT_FAULT,COUNT_SEVERE_INJ,COUNT_VISIBLE_INJ,COUNT_COMPLAINT_PAIN,COUNT_PED_KILLED,COUNT_PED_INJURED,COUNT_BICYCLIST_KILLED,COUNT_BICYCLIST_INJURED,COUNT_MC_KILLED,COUNT_MC_INJURED,PRIMARY_RAMP,SECONDARY_RAMP,LATITUDE,LONGITUDE,COUNTY,CITY,POINT_X,POINT_Y
90830756,2018,2018-10-08,9825,2018-09-29,1521,020118,,6,2,9,1400,0,3,5,,2,040,"DESERT TRAIL, NORTHEAST OF INDEPENDENCE","MAZOURKA CANYON ROAD",26400.00,N,N,A,G,N,,,,,,,,,,N,2,0,1,1,B,-,22,,,N,F,A,A,A,B,H,A,D,0,,,Y,,Y,,C,06,1,0,0,0,0,0,0,0,1,"- ","- ",36.876480102539062,-118.17555236816406,INYO,UNINCORPORATED,-118.175229,36.876477000000001
91284460,2020,2020-08-11,9825,2020-07-31,1840,020736,,5,2,9,1400,0,2,4,,2,078,"SR-178 (TRONA WILDROSE RD)","BALLARAT RD",10560.00,S,N,A,-,Y,,,,,,,,,,Y,2,0,2,1,A,-,01,23152,A,N,F,A,A,A,H,-,A,D,0,,,,,Y,Y,A,07,1,0,1,0,0,0,0,0,0,"- ","- ",36.023101806640625,-117.31365966796875,INYO,UNINCORPORATED,,
6927410,2015,2015-05-29,9825,2015-05-10,1730,20415,,7,2,9,1400,0,2,4,,2,052,"OLD SPANISH TRAIL HWY","FURNACE CREEK RD",52800.00,E,N,A,-,N,,,,,,,,,,N,2,0,1,1,A,-,08,22107,,N,F,A,A,A,H,-,A,D,0,,,Y,,Y,,C,02,1,0,0,0,0,0,0,0,1,"- ","- ",35.89931,-116.01566,INYO,UNINCORPORATED,-116.05305289,35.885257770000003
91337928,2020,2020-11-03,9825,2020-10-27,0600,017072,,2,1,9,1400,0,1,3,,1,018,SR-190,SR-127,0.00,,Y,A,-,Y,,,,,,,,,,Y,2,0,1,1,A,-,12,22450,A,N,E,I,A,A,H,-,B,A,0,,,,,Y,,A,01,1,0,0,0,0,0,0,0,0,"- ","- ",36.18170166015625,-116.24530029296875,INYO,UNINCORPORATED,-116.41520690917969,36.304618835449219
94391883,2024,2024-09-12,9825,2024-09-06,1531,023602,,5,2,9,1400,0,1,3,,1,015,SR-190,"PANAMINT VALLEY ROAD",19536.00,W,N,A,-,Y,INY,,190," "," ",53.483,H,,R,N,2,0,1,1,A,-,03,22350,,N,H,A,A,A,H,-,A,D,0,,,Y,,Y,,-,"- ",1,0,0,0,0,0,0,0,1,"- ","- ",36.346549987792969,-117.49208831787109,INYO,UNINCORPORATED,-117.49210357666016,36.346530914306641
91287628,2020,2020-10-20,9825,2020-07-26,1305,017035,,7,1,9,1400,0,1,3,,1,011,SR-168,"STARLIGHT ROAD",9504.00,W,N,A,-,Y,,,168,,,,,,,Y,2,0,2,1,C,-,18,,,N,E,I,A,A,H,-,A,D,0,,,,,Y,,-,"- ",1,0,1,0,0,0,0,0,0,"- ","- ",37.315029144287109,-118.5184326171875,INYO,UNINCORPORATED,-118.51846313476562,37.315044403076172
90029048,2015,2015-10-19,9825,2015-10-02,2000,012536,,5,2,9,1400,0,3,5,,2,060,"UNNAMED DIRT ROAD","MAZOURKA CANYON RD",5280.00,N,N,A,-,N,,,,,,,,,,N,2,0,1,1,C,-,18,,,N,E,H,A,A,H,-,D,D,0,,,Y,,Y,,-,"- ",1,0,0,0,0,0,0,0,1,"- ","- ",36.807209999999998,-118.17189,INYO,UNINCORPORATED,-118.17189,36.807209999999998
6729843,2014,2015-01-13,9825,2014-11-25,1844,020335,,2,2,9,1400,0,3,5,,2,060,"SIERRA ST","LAKE ST",329.00,N,N,A,-,N,,,,,,,,,,N,2,0,1,1,A,-,01,23152,A,N,F,A,A,A,H,-,E,D,0,,,Y,,Y,Y,C,06,1,0,0,0,0,0,0,0,1,"- ","- ",36.321269999999998,-118.02694,INYO,UNINCORPORATED,-118.02598,36.321051840000003
90576894,2017,2017-10-24,9825,2017-10-17,1243,018685,,2,1,9,1400,0,1,3,,1,015,SR-136,"DOLOMITE LOOP RD",8976.00,E,N,A,-,Y,,,136,,,,,,,Y,2,0,2,1,A,-,08,22107,,N,F,A,A,A,H,-,A,D,0,,,,,Y,,A,01,1,1,0,0,0,0,0,0,0,"- ","- ",36.56082,-117.96969,INYO,UNINCORPORATED,-117.96967964,36.560839729999998
92362204,2024,2024-09-16,9825,2024-03-30,1825,023602,,6,2,9,1400,0,3,5,,2,060,"STOCKWELL MINE ROAD","VALLEY WELLS RD",9504.00,S,N,A,-,N,,,,,,,,,,N,2,0,1,1,A,-,03,22350,,N,E,I,A,A,A,-,D,D,0,,,,,Y,,A,01,1,0,0,0,0,0,0,0,0,"- ","- ",35.840969085693359,-117.31269836425781,INYO,UNINCORPORATED,-117.33164978027344,35.827911376953125
92596916,2024,2024-08-12,9825,2024-06-25,1550,021622,,2,2,9,1400,0,1,2,,1,006,US-395,"CACTUS FLATS ROAD",0.00,,Y,B,G,Y,INY,,395," "," ",32.654,H,,R,Y,1,3,1,2,A,-,09,21801,A,N,D,C,A,A,H,-,A,D,0,,,,,Y,,D,22,1,0,0,0,0,0,0,0,0,"- ","- ",36.255088806152344,-117.9930419921875,INYO,UNINCORPORATED,-117.99307250976562,36.255077362060547
94643658,2024,2025-08-20,9825,2024-12-14,1705,022014,,6,2,2,1401,0,1,2,,1,003,US-395,"COUNTY ROAD",30.00,S,N,A,-,Y,INY,,395," "," ",100.824,H,,R,Y,1,1,0,2,A,-,08,22107,,N,H,G,A,A,H,-,D,D,0,,Y,,,Y,,A,08,0,0,0,0,0,1,0,0,0,"- ","- ",37.173259735107422,-118.29033660888672,INYO,BISHOP,-118.29017639160156,37.173316955566406
90569458,2017,2017-10-12,9825,2017-10-07,0730,017941,,6,1,9,1400,0,3,5,,2,050,"FURNACE CREEK RD","OLD SPANISH TRAIL HWY",4752.00,N,N,A,-,N,,,,,,,,,,N,2,0,1,1,A,-,21,22106,,N,H,A,A,A,G,-,A,D,0,,,,,Y,,A,07,1,0,0,0,0,0,0,0,0,"- ","- ",35.859670000000001,-116.21114,INYO,UNINCORPORATED,-116.21167848,35.860538820000002
90569914,2017,2017-10-13,9825,2017-10-06,1415,017941,,5,2,9,1400,0,1,3,,1,018,"STATE ROUTE 190","STATE ROUTE 127",35376.00,W,N,A,-,Y,,,190,,,,,,,Y,2,0,1,1,A,-,08,22107,,N,F,A,A,A,D,-,A,D,0,,,Y,,Y,,C,02,1,0,0,0,0,0,0,0,1,"- ","- ",36.311639999999997,-116.53377,INYO,UNINCORPORATED,-116.53373216,36.311723960000002
90935159,2019,2019-02-27,9825,2019-02-22,1230,013479,,5,1,9,1400,0,1,2,,1,004,"US-395 S/B","WEST DUSTY LANE",1584.00,S,N,A,-,Y,,,395,,,,,,S,Y,2,0,3,3,A,-,09,21802,A,N,D,C,A,A,H,-,A,A,0,,,,,Y,,A,08,1,0,2,0,0,0,0,0,0,"- ","- ",36.836688995361328,-118.22868347167969,INYO,UNINCORPORATED,-118.22870635986328,36.836681365966797
91432045,2021,2021-03-22,9825,2021-03-18,0054,020118,,4,3,9,1400,0,3,5,,2,060,"ONION VALLEY ROAD","FOOTHILL ROAD",7920.00,W,N,A,-,N,,,,,,,,,,Y,2,0,1,1,A,-,08,22107,,N,F,A,A,A,H,-,D,D,0,,,,,Y,,A,07,1,0,0,0,0,0,0,0,0,"- ","- ",36.780479431152344,-118.28938293457031,INYO,UNINCORPORATED,-118.28856658935547,36.780723571777344
91959022,2022,2023-01-03,9825,2022-12-23,1100,015522,,5,1,9,1400,0,1,2,,1,003,US-395,"STEWARD LANE",790.00,S,N,A,-,Y,INY,,395,,,98.462,H,,L,Y,2,0,2,2,A,-,07,21658,A,N,C,C,A,A,H,-,A,D,0,,,,,Y,,A,07,1,1,0,0,0,0,0,0,0,"- ","- ",37.141170501708984,-118.27783966064453,INYO,UNINCORPORATED,-118.27787017822266,37.141155242919922
91522453,2021,2021-07-16,9825,2021-07-05,1950,017072,,1,2,9,1400,0,1,3,,2,016,"SR-190 W/B E/OF PANAMINT DUNES ROAD","PANAMINT DUNES ROAD",15734.00,E,N,A,-,Y,,,,,,,,,,Y,1,1,0,1,A,-,08,22107,,N,F,A,A,A,H,-,A,D,0,,,,,Y,,D,22,0,0,0,0,0,0,0,0,0,"- ","- ",36.205398559570312,-117.20110321044922,INYO,UNINCORPORATED,,
94418620,2024,2024-10-03,9825,2024-09-26,"40  ",021622,,4,3,9,1400,0,1,2,,1,007,"US-395 NORTHBOUND","GILL STATION COSO ROAD",5280.00,N,N,A,-,Y,INY,,395," ",R,18.901,H,,R,N,2,0,1,2,A,-,11,21954,A,N,G,B,E,A,H,-,D,D,0,Y,,,Y,Y,,N,60,1,0,0,0,1,0,0,0,0,"- ","- ",36.060329437255859,-117.95181274414062,INYO,UNINCORPORATED,-117.95182037353516,36.060329437255859
90767983,2018,2018-07-12,9825,2018-07-07,1020,017941,,6,1,9,1400,0,1,3,,2,017,"STATE ROUTE 190","WILDROSE CANYON ROAD",7392.00,E,N,A,-,Y,,,190,,,,,,,Y,2,0,2,1,C,-,18,,,N,F,A,A,A,H,-,A,D,0,,,Y,,Y,,-,"- ",1,1,0,0,0,0,0,0,2,"- ","- ",36.51483154296875,-117.2236328125,INYO,UNINCORPORATED,-117.22370147705078,36.514835357666016
90886171,2018,2018-12-19,9825,2018-12-07,2000,017941,,5,2,9,1400,0,3,5,,2,050,"MESQUITE VALLEY RD","OLD SPANISH TRAIL HWY",22176.00,N,N,B,-,N,,,,,,,,,,Y,2,0,1,1,A,-,08,22107,,N,F,A,A,B,G,-,D,D,0,,,,,Y,,A,07,1,0,0,0,0,0,0,0,0,"- ","- ",36.029689788818359,-115.97897338867188,INYO,UNINCORPORATED,-115.97800445556641,36.029857635498047
6842223,2015,2016-09-09,9825,2015-03-12,1325,20736,,4,1,9,1400,0,1,3,,2,016,"RT 190","RT 136",14784.00,W,N,A,-,Y,INY,9,190,-,-,21.700,H,-,E,Y,2,0,3,2,A,-,03,22350,,N,C,G,A,A,H,-,A,A,0,,Y,,,Y,,A,01,2,1,0,0,0,0,2,0,0,"- ","- ",36.396500000000003,-117.86045,INYO,UNINCORPORATED,-117.85803619000001,36.399303019999998
90445253,2017,2017-04-28,9825,2017-04-21,1206,018685,,5,1,9,1400,0,1,2,,1,006,US-395,"OLANCHA LANE",23.00,N,N,A,-,Y,,,395,,,,,,,Y,2,0,1,3,A,-,03,22350,,N,F,E,A,A,H,-,A,D,0,,,Y,,Y,,C,02,1,0,0,0,0,0,0,0,1,"- ","- ",36.286149999999999,-118.01023000000001,INYO,UNINCORPORATED,-118.01012183,36.286264920000001
91205706,2020,2020-03-10,9825,2020-03-04,2030,017941,,3,2,9,1400,0,1,3,,1,019,"STATE ROUTE 127","STATE ROUTE 178",13728.00,S,N,A,-,Y,,,127,,,,,,,Y,2,0,2,2,C,-,18,,,N,E,J,A,A,H,-,D,D,0,,,,,Y,,-,"- ",2,0,0,0,0,0,0,0,0,"- ","- ",35.935081481933594,-116.26885223388672,INYO,UNINCORPORATED,-116.26878356933594,35.935089111328125
91686855,2022,2022-01-27,9825,2022-01-14,0830,022616,,5,1,9,1400,0,1,2,,2,001,"US-395 NORTHBOUND","BROCKMAN LN.",1531.00,N,N,A,-,Y,INY,,395,,,118.635,H,,R,Y,2,0,2,3,A,-,06,21755,A,N,B,2,A,A,H,-,A,D,0,,,,Y,Y,,A,07,1,1,0,0,0,0,0,0,0,"- ","- ",37.375961303710938,-118.43747711181641,INYO,UNINCORPORATED,-118.43747711181641,37.375919342041016
92189122,2023,2023-10-11,9825,2023-09-26,"743 ",023468,,2,1,9,1400,0,1,2,,2,002,"US-395 N/B","TU SU LANE",89.00,S,N,A,-,Y,INY,,395," "," ",117.555,H,,R,Y,2,0,1,1,A,-,00,22017,,N,E,I,A,A,H,-,A,D,0,,,,,Y,,A,01,1,0,0,0,0,0,0,0,0,"- ","- ",37.375919342041016,-118.41808319091797,INYO,UNINCORPORATED,-118.41808319091797,37.375904083251953
6974435,2015,2015-07-09,9825,2015-06-19,1715,18441,,5,2,9,1400,0,3,5,,2,040,"UNNAMED DIRT RD","TUNGSTEN CITY RD",1584.00,N,N,A,-,N,,,,,,,,,,,2,0,1,1,A,-,08,38314,,N,F,A,A,A,H,-,A,D,0,,,Y,,Y,,C,02,1,0,0,0,0,0,0,0,1,"- ","- ",37.367150000000002,-118.49381,INYO,UNINCORPORATED,-118.49381,37.367150000000002
90521840,2017,2017-08-11,9825,2017-08-04,1350,018685,,5,1,9,1400,0,1,A,,2,712,"COSO REST AREA PARKING LOT","GILL STATION COSO RD",300.00,S,N,A,-,N,,,,,,,,,,N,2,0,1,1,A,-,13,22515,A,N,G,B,A,A,H,-,A,D,0,,,,,Y,,A,07,1,0,0,0,0,0,0,0,0,"- ","- ",36.045250000000003,-117.94605,INYO,UNINCORPORATED,-117.94557413,36.045878469999998
91885300,2022,2022-10-07,9825,2022-10-02,1742,022270,,7,2,9,1400,0,1,2,,1,003,"US-395 S/B","BISHOP GOLF COUSRE RD",0.00,,Y,A,-,Y,INY,,395,,,114.127,H,,L,Y,2,0,2,2,A,-,09,21804,A,N,D,D,A,A,H,-,A,A,0,,,,,Y,,A,07,2,0,0,0,0,0,0,0,0,"- ","- ",37.343040466308594,-118.39511108398438,INYO,UNINCORPORATED,-118.39507293701172,37.343040466308594
91974825,2023,2023-01-23,9825,2023-01-14,1804,022270,,6,2,9,1400,0,1,2,,2,001,"US-395 S/B","ED POWERS ROAD",0.00,,Y,B,C,Y,INY,,395," "," ",120.951,H,,L,Y,2,0,1,3,A,-,09,21801,A,N,D,3,A,A,H,-,C,A,0,,,,,Y,,A,01,1,0,0,0,0,0,0,0,0,"- ","- ",37.380760192871094,-118.47744750976562,INYO,UNINCORPORATED,-118.47742462158203,37.38079833984375
90284215,2016,2016-10-05,9825,2016-09-24,1113,018685,,6,1,9,1400,0,1,2,,1,006,"US-395 N/B","DIAZ LAKE DRIVEWAY",1160.00,N,N,A,-,Y,,,,,,,,,,N,2,0,1,2,A,-,03,22350,,N,C,E,A,A,H,-,A,D,0,,Y,,,Y,,L,04,1,0,0,0,0,0,1,0,0,"- ","- ",,,INYO,UNINCORPORATED,,
94368226,2024,2024-08-23,9825,2024-08-21,1505,023988,,3,2,9,1400,0,1,2,,1,006,"US-395 S/B","CARROLL CREEK ROAD",0.00,,Y,A,-,N,,,,,,,,,,Y,2,0,3,2,A,-,09,21801,A,N,D,C,A,A,H,-,A,D,0,,,,,Y,,M,47,1,2,0,0,0,0,0,0,0,"- ","- ",36.491111755371094,-118.03411102294922,INYO,UNINCORPORATED,-118.03411102294922,36.491119384765625
6850682,2015,2016-09-13,9825,2015-03-01,1745,20415,,7,2,9,1400,0,1,3,,1,019,"RT 127","OLD SPANISH TRAIL HWY",5280.00,S,N,C,-,Y,INY,9,127,-,-,5.510,H,-,S,Y,2,0,2,1,A,-,08,22107,,N,F,A,A,B,H,-,D,D,0,,,,,Y,,A,01,1,1,0,0,0,0,0,0,0,"- ","- ",35.828760000000003,-116.32057,INYO,UNINCORPORATED,-116.3015815,35.866723229999998
9726603,2024,2024-10-10,1401,2024-04-19,2309,1468,100,5,5,2,1401,0,0,0,,0,CITY,"NORTH MAIN","E ELM ST",0.00,,N,A,-,Y,INY,9,395,-,-,115.750,H,-,S,N,2,0,1,2,A,-,01,23152,A,N,D,C,A,A,H,-,C,D,0,,,Y,Y,Y,Y,C,03,1,0,0,0,0,0,0,0,1,"- ","- ",37.366100311279297,-118.39595794677734,INYO,BISHOP,-118.39539337158203,37.366428375244141
90949675,2019,2019-03-20,9825,2019-03-18,0842,018960,,1,1,9,1400,0,1,2,,2,001,"US-395 S/B","SAWMILL RD.",1584.00,N,N,A,-,Y,,,395,,,,,,S,Y,2,0,2,1,A,-,08,22107,,N,F,A,A,A,H,-,A,D,0,,,,,Y,,D,22,1,1,0,0,0,0,0,0,0,"- ","- ",37.391819000244141,-118.50701141357422,INYO,UNINCORPORATED,-118.50703430175781,37.391754150390625
91218978,2020,2020-03-31,9825,2020-03-22,1304,018685,,7,1,9,1400,0,2,4,,2,052,"OLD SPANISH TRAIL HWY","TECOPA HOT SPRINGS RD",19008.00,E,N,A,-,N,,,,,,,,,,Y,2,0,1,1,A,-,08,22107,,N,F,A,A,A,H,-,A,D,0,,,Y,,Y,,C,02,1,0,0,0,0,0,0,0,1,"- ","- ",35.862380981445312,-116.17149353027344,INYO,UNINCORPORATED,-116.17372894287109,35.86279296875
6989453,2015,2016-12-19,9825,2015-06-28,0840,020415,,7,1,9,1400,0,1,3,,2,020,"RT 178","RT 127",26400.00,E,N,A,-,Y,INY,9,178,-,-,47.910,H,-,W,Y,2,0,1,1,A,-,08,22107,,N,F,A,A,A,H,-,A,D,0,,,Y,,Y,,C,02,1,0,0,0,0,0,0,0,1,"- ","- ",35.98462,-116.24576,INYO,UNINCORPORATED,-116.20221038,35.995788140000002
94540409,2024,2025-01-16,9825,2024-12-24,2245,017941,,2,3,9,1400,0,1,3,,1,019,"STATE ROUTE 127","STATE LINE ROAD",79200.00,S,N,B,G,Y,INY,,127," "," ",27.060,H,,R,Y,1,1,2,1,A,-,08,22107,,N,F,A,A,A,H,-,D,D,0,,,,,Y,,A,01,1,0,1,0,0,0,0,0,0,"- ","- ",36.139438629150391,-116.31098175048828,INYO,UNINCORPORATED,-116.31099700927734,36.139434814453125
90883492,2018,2018-12-14,9825,2018-12-03,0845,017072,,1,1,9,1400,0,1,3,,2,020,SR-178,"UNNAMED ROAD",0.00,,Y,A,-,Y,,,,,,,,,,Y,2,0,1,1,A,-,08,22107,,N,E,I,A,A,H,-,A,D,0,,,,,Y,,A,01,1,0,0,0,0,0,0,0,0,"- ","- ",35.582199096679688,-116.15080261230469,INYO,UNINCORPORATED,,
91301518,2020,2020-09-09,9825,2020-08-31,0309,021411,,1,3,9,1400,0,1,2,,1,004,"US HWY 395 N-BOUND","ELNA ROAD",8501.00,S,N,A,-,Y,,,395,,,,,,N,Y,2,0,1,1,A,-,01,23152,A,N,E,I,A,A,H,-,D,D,0,,,,,Y,Y,A,01,1,0,0,0,0,0,0,0,0,"- ","- ",37.028171539306641,-118.23117828369141,INYO,UNINCORPORATED,-118.23096466064453,37.028194427490234
90437411,2017,2017-04-19,9825,2017-04-13,1030,017941,,4,1,9,1400,0,1,3,,1,018,"STATE ROUTE 190","TWENTY MULE TEAM ROAD",90.00,E,N,A,G,Y,,,190,,,,,,,Y,2,0,5,2,A,-,03,22350,,N,C,C,A,A,H,-,A,D,0,,,Y,,Y,,C,02,2,0,3,0,0,0,0,0,2,"- ","- ",36.409520000000001,-116.79433,INYO,UNINCORPORATED,-116.79435857,36.409471510000003
91300811,2020,2020-09-08,9825,2020-07-23,0800,017941,,4,1,9,1400,0,1,3,,1,019,"STATE ROUTE 127","THE OLD SPANISH TRAIL HIGHWAY",2112.00,S,N,A,-,Y,,,127,,,,,,,Y,1,1,0,1,A,-,08,22107,,N,F,A,A,A,H,-,A,D,0,,,,,Y,,A,07,0,0,0,0,0,0,0,0,0,"- ","- ",35.868621826171875,-116.29463195800781,INYO,UNINCORPORATED,-116.29463958740234,35.868679046630859
91645613,2021,2021-12-07,9820,2021-12-04,1235,020934,,6,1,9,1400,0,3,5,,2,050,"ROCK CREEK RD","ROCK CREEK CAMPGROUND RD",6.00,W,N,A,-,N,,,,,,,,,,N,2,0,3,2,A,-,03,22350,,N,B,C,A,A,H,-,A,D,0,,,Y,,Y,,C,02,1,1,1,0,0,0,0,0,3,"- ","- ",37.568618774414062,-118.73542022705078,INYO,UNINCORPORATED,,
6892318,2015,2016-12-19,9825,2015-04-18,0130,17941,,6,3,9,1400,0,1,3,,2,020,"RT 178","NEVADA STATE LINE",7392.00,W,N,A,-,Y,INY,9,178,-,-,60.750,H,-,E,Y,2,0,1,1,A,-,08,22107,,N,F,A,A,A,H,-,D,D,0,,,,,Y,,D,22,1,0,0,0,0,0,0,0,0,"- ","- ",,,INYO,UNINCORPORATED,-116.13081662,36.162539000000002
6352237,2014,2015-07-20,9825,2014-01-21,1100,20415,,2,1,9,1400,0,2,4,,2,072,"BADWATER RD","RT 127",25.00,W,N,A,-,N,,,,,,,,,,Y,2,0,1,1,A,-,08,22107,,N,E,I,A,A,H,-,A,D,0,,,Y,,Y,,C,02,1,0,0,0,0,0,0,0,1,"- ","- ",36.065840000000001,-116.75573,INYO,UNINCORPORATED,-116.275283,35.996232999999997
6409055,2014,2014-06-25,9825,2014-03-14,1638,020450,,5,2,9,1400,0,2,4,,2,078,"TRONA WILDROSE RD","BALLERAT RD",15840.00,N,N,A,-,N,,,,,,,,,,Y,2,0,1,1,A,-,08,22107,,N,F,A,A,A,H,-,A,D,0,,,Y,,Y,,C,02,1,0,0,0,0,0,0,0,1,"- ","- ",,,INYO,UNINCORPORATED,-117.28467362000001,36.076600689999999
6443579,2014,2016-01-08,9825,2014-04-06,1430,18960,,7,2,9,1400,0,3,5,,2,040,"DEATH VALLEY RD","WAUCOBA SALINE RD",6336.00,E,N,A,-,N,,,,,,,,,,Y,2,0,1,1,A,-,08,22107,,N,F,A,A,A,H,-,A,D,0,,,Y,,Y,,C,02,1,0,0,0,0,0,0,0,1,"- ","- ",,,INYO,UNINCORPORATED,-118.043181,37.150549400000003
6468419,2014,2016-03-29,9825,2014-05-18,1430,020415,,7,2,9,1400,0,1,3,,2,020,"RT 178","CHICAGO VALLEY RD",12.00,E,N,A,-,Y,INY,9,178,-,-,60.690,H,-,E,Y,2,0,2,2,A,-,08,22107,,N,F,C,A,A,H,-,A,D,0,,,,,Y,,-,,1,1,0,0,0,0,0,0,0,"- ","- ",36.1265,-116.17668999999999,INYO,UNINCORPORATED,-116.13175502,36.162340739999998
6475354,2014,2016-03-29,9825,2014-04-25,1726,020798,,5,2,9,1400,0,1,2,,1,005,"RT 395","MANZANAR REWARD RD",6336.00,S,N,A,F,Y,INY,9,395,-,-,66.700,H,-,N,Y,2,0,1,1,A,-,03,22350,,N,F,A,A,A,H,-,A,D,0,,,Y,,Y,,C,02,1,0,0,0,0,0,0,0,1,"- ","- ",36.718820000000001,-118.13793,INYO,UNINCORPORATED,-118.13807227,36.718107699999997
6475423,2014,2014-07-11,9825,2014-04-27,1523,20736,,7,2,9,1400,0,3,5,,2,050,"SCOTTYS CASTLE RD","MESQUITE CAMPGROUND RD",9504.00,S,N,A,-,N,,,,,,,,,,Y,2,0,5,1,A,-,08,22107,,N,E,I,A,A,H,-,A,D,0,,,,,Y,,A,01,4,1,0,0,0,0,0,0,0,"- ","- ",36.966059999999999,-117.3415,INYO,UNINCORPORATED,-117.342653,36.965912000000003
6477451,2014,2014-07-24,9825,2014-04-26,2500,17941,,6,4,9,1400,0,2,4,,2,075,"DAYLIGHT PASS RD","HELLS GATE",26928.00,E,N,C,-,N,,,,,,,,,,Y,2,0,2,1,A,-,01,23152,A,N,F,A,A,B,H,-,D,D,0,,,,,Y,Y,A,01,1,0,1,0,0,0,0,0,0,"- ","- ",,,INYO,UNINCORPORATED,,
6478299,2014,2016-03-29,9825,2014-05-01,1535,020798,,4,2,9,1400,0,1,2,,1,005,"RT 395","MOFFAT RANCH RD",5808.00,N,N,A,-,Y,INY,9,395,-,R,64.960,H,-,S,Y,2,0,1,1,A,-,08,22107,,N,F,A,A,A,H,-,A,D,0,,,,,Y,,A,07,1,0,0,0,0,0,0,0,0,"- ","- ",,,INYO,UNINCORPORATED,-118.11880078,36.697044509999998
6478316,2014,2014-07-24,9825,2014-05-03,1915,020415,,6,2,9,1400,0,2,4,,2,072,"ARTIST DR","BADWATER RD",21120.00,E,N,A,-,N,,,,,,,,,,Y,2,0,1,1,A,-,08,22107,,N,F,A,A,A,H,-,B,D,0,,,Y,,Y,,C,02,1,0,0,0,0,0,0,0,1,"- ","- ",36.417059999999999,-116.84088,INYO,UNINCORPORATED,-116.81170627,36.368476880000003
6486164,2014,2014-07-24,9825,2014-05-14,1204,011906,,3,1,9,1400,0,3,5,,2,040,"WEST DUSTY LN","NORTH WILLOW LN",0.00,,Y,A,-,N,,,,,,,,,,N,2,0,1,2,A,-,12,22450,A,N,D,C,A,A,H,-,A,A,0,,,Y,,Y,,C,02,1,0,0,0,0,0,0,0,1,"- ","- ",36.34055,-118.22929000000001,INYO,UNINCORPORATED,-118.22716008,36.840620010000002
6498858,2014,2014-08-08,9825,2014-06-03,1715,018478,,2,2,9,1400,0,3,5,,2,040,"UNNAMED CANAL RD","RIVERSIDE RD",120.00,N,N,A,-,N,,,,,,,,,,Y,2,0,1,1,A,-,"- ",,,N,F,I,A,A,H,-,A,D,0,,,,,Y,Y,D,22,1,0,0,0,0,0,0,0,0,"- ","- ",37.398060000000001,-118.42196,INYO,UNINCORPORATED,-118.42199977,37.398235309999997
6614919,2014,2016-04-28,9825,2014-08-30,1300,20415,,6,1,9,1400,0,1,3,,1,019,"RT 127","RT 178",5280.00,S,N,A,-,Y,INY,9,127,-,-,13.760,H,-,N,Y,2,0,1,1,A,-,08,22107,,N,F,A,A,A,H,-,A,D,0,,,,,Y,,A,01,1,0,0,0,0,0,0,0,0,"- ","- ",35.96696,-116.26793000000001,INYO,UNINCORPORATED,-116.26729867,35.958811189999999