CASE_ID,ACCIDENT_YEAR,PROC_DATE,JURIS,COLLISION_DATE,COLLISION_TIME,OFFICER_ID,REPORTING_DISTRICT,DAY_OF_WEEK,CHP_SHIFT,POPULATION,CNTY_CITY_LOC,SPECIAL_COND,BEAT_TYPE,CHP_BEAT_TYPE,CITY_DIVISION_LAPD,CHP_BEAT_CLASS,BEAT_NUMBER,PRIMARY_RD,SECONDARY_RD,DISTANCE,DIRECTION,INTERSECTION,WEATHER_1,WEATHER_2,STATE_HWY_IND,CALTRANS_COUNTY,CALTRANS_DISTRICT,STATE_ROUTE,ROUTE_SUFFIX,POSTMILE_PREFIX,POSTMILE,LOCATION_TYPE,RAMP_INTERSECTION,SIDE_OF_HWY,TOW_AWAY,COLLISION_SEVERITY,NUMBER_KILLED,NUMBER_INJURED,PARTY_COUNT,PRIMARY_COLL_FACTOR,PCF_CODE_OF_VIOL,PCF_VIOL_CATEGORY,PCF_VIOLATION,PCF_VIOL_SUBSECTION,HIT_AND_RUN,TYPE_OF_COLLISION,MVIW,PED_ACTION,ROAD_SURFACE,ROAD_COND_1,ROAD_COND_2,LIGHTING,CONTROL_DEVICE,CHP_ROAD_TYPE,PEDESTRIAN_ACCIDENT,BICYCLE_ACCIDENT,MOTORCYCLE_ACCIDENT,TRUCK_ACCIDENT,NOT_PRIVATE_PROPERTY,ALCOHOL_INVOLVED,STWD_VEHTYPE_AT_FAULT,CHP_VEHTYPE_AT_FAULT,COUNT_SEVERE_INJ,COUNT_VISIBLE_INJ,COUNT_COMPLAINT_PAIN,COUNT_PED_KILLED,COUNT_PED_INJURED,COUNT_BICYCLIST_KILLED,COUNT_BICYCLIST_INJURED,COUNT_MC_KILLED,COUNT_MC_INJURED,PRIMARY_RAMP,SECONDARY_RAMP,LATITUDE,LONGITUDE,COUNTY,CITY,POINT_X,POINT_Y
6680456,2014,2014-12-11,9825,2014-10-19,1100,020415,,7,1,9,1400,0,1,3,,2,017,"RT 190","PANAMINT VALLEY RD",15840.00,W,N,A,-,Y,,,,,,,,,,Y,2,0,2,1,A,-,03,22350,,N,F,A,A,A,H,-,A,D,0,,,Y,,Y,,C,02,1,0,1,0,0,0,0,0,2,"- ","- ",,,INYO,UNINCORPORATED,-117.47491031,36.33647895
6691284,2014,2014-12-31,9825,2014-10-26,1940,012536,,7,2,9,1400,0,1,2,,1,007,"US 395","GILL STATION COSO RD",0.00,,Y,A,-,Y,,,,,,,,,,Y,2,0,6,3,A,-,08,22100,A,N,D,C,A,A,H,-,C,A,0,,,,Y,Y,,D,22,2,3,1,0,0,0,0,0,0,"- ","- ",,,INYO,UNINCORPORATED,-117.94722007999999,36.045800030000002
6698076,2014,2015-01-08,9825,2014-11-06,0930,16631,,4,1,9,1400,0,1,2,,1,003,"RT 395","REYNOLDS RD",8448.00,N,N,A,-,Y,,,,,,,,,,Y,2,0,4,2,A,-,09,21801,A,N,D,C,A,A,H,-,A,D,0,,,,,Y,,D,22,1,0,3,0,0,0,0,0,0,"- ","- ",37.122300000000003,-118.1921,INYO,UNINCORPORATED,,
6718302,2015,2017-04-20,9825,2015-01-17,1700,17941,,6,2,9,1400,0,2,4,,2,073,"SCOTTYS CASTLE RD","RT 190",126720.00,N,N,A,-,N,,,,,,,,,,Y,1,1,0,1,A,-,01,23152,A,N,F,A,A,A,H,-,B,D,0,,,,,Y,Y,D,22,0,0,0,0,0,0,0,0,0,"- ","- ",,,INYO,UNINCORPORATED,-117.273889,36.890112999999999
6721306,2014,2015-01-09,9825,2014-11-14,1230,17941,,5,1,9,1400,0,1,3,,1,018,"RT 190","RT 127",82896.00,W,N,A,-,Y,,,,,,,,,,Y,2,0,1,1,A,-,01,23152,F,N,F,A,A,A,H,-,A,D,0,,,Y,,Y,,C,02,1,0,0,0,0,0,0,0,1,"- ","- ",,,INYO,UNINCORPORATED,-116.67115812999999,36.373571660000003
6724963,2014,2015-01-22,9825,2014-11-28,1015,020450,,5,1,9,1400,0,2,4,,2,078,"TRONA WILDROSE RD","INDIAN RANCH RD",0.00,,Y,A,-,N,,,,,,,,,,N,2,0,1,1,A,-,08,22107,,N,F,A,A,D,B,-,A,D,0,,,Y,,Y,,C,02,1,0,0,0,0,0,0,0,1,"- ","- ",,,INYO,UNINCORPORATED,-117.30009008,36.163620010000002
6754697,2015,2015-01-21,9825,2015-01-03,1630,17072,,6,2,9,1400,0,2,4,,2,072,"BADWATER RD","NATURAL BRIDGE RD",0.00,,Y,A,-,N,,,,,,,,,,Y,2,0,1,1,A,-,08,22107,,N,F,A,A,A,H,-,A,A,0,,,Y,,Y,,C,02,1,0,0,0,0,0,0,0,1,"- ","- ",36.274000000000001,-116.79285,INYO,UNINCORPORATED,-116.79288006,36.274030029999999
6790095,2015,2015-02-20,9825,2015-01-08,1700,18960,,4,2,9,1400,0,3,5,,2,040,"SALINE WARM SPRINGS RD","SALINE VALLEY RD",5280.00,E,N,B,-,N,,,,,,,,,,Y,2,0,1,1,A,-,03,38305,,N,F,A,A,A,H,-,B,D,0,,,Y,,Y,,C,02,1,0,0,0,0,0,0,0,1,"- ","- ",,,INYO,UNINCORPORATED,-117.82883099999999,36.727611000000003
6799746,2015,2016-09-13,9825,2015-01-26,0500,018685,,1,3,9,1400,0,1,2,,1,007,"RT 395","HAIWEE CANYON RD",2112.00,N,N,A,-,Y,INY,9,395,-,-,25.930,H,-,N,Y,2,0,1,1,A,-,08,22107,,N,F,A,A,A,H,-,D,D,0,,,,,Y,,A,01,1,0,0,0,0,0,0,0,0,"- ","- ",,,INYO,UNINCORPORATED,-117.97622697,36.15961325
6817760,2015,2016-04-26,9825,2015-02-15,1300,20415,,7,1,9,1400,0,2,4,,2,073,"SCOTTYS CASTLE RD","UBEHEBE RD",5280.00,S,N,A,-,N,,,,,,,,,,N,2,0,1,1,A,-,08,22107,,N,F,A,A,A,H,-,A,D,0,,,Y,,Y,,C,02,1,0,0,0,0,0,0,0,1,"- ","- ",36.981499999999997,-117.35669,INYO,UNINCORPORATED,-117.359804,36.985484
6824541,2015,2016-09-13,9825,2015-02-14,1645,018441,,6,2,9,1400,0,1,2,,1,004,"RT 395","NORTH FORT INDEPENDENCE RD",17424.00,N,N,A,-,Y,INY,9,395,-,R,80.340,H,-,S,Y,2,0,3,1,A,-,01,23152,A,N,F,A,A,A,H,-,A,D,0,,,,,Y,Y,A,01,1,0,2,0,0,0,0,0,0,"- ","- ",36.894219999999997,-118.24173,INYO,UNINCORPORATED,-118.2417239,36.894203589999996
6854740,2015,2017-05-09,9825,2015-06-06,1513,18960,,6,2,9,1400,0,1,3,,1,012,"RT 168","DEATH VALLEY RD",579.00,E,N,B,-,Y,INY,9,168,-,-,20.940,H,-,E,Y,1,1,0,1,A,-,08,22107,,N,F,A,A,A,H,-,A,D,0,,,Y,,Y,,C,02,0,0,0,0,0,0,0,1,0,"- ","- ",37.185850000000002,-118.25145000000001,INYO,UNINCORPORATED,-118.25336715,37.18509847
6865756,2015,2016-09-13,9825,2015-03-27,1126,018685,,5,1,9,1400,0,1,3,,2,016,"RT 190","SALINE VALLEY RD",6336.00,E,N,A,-,Y,INY,9,190,-,-,42.700,H,-,E,Y,2,0,3,2,A,-,03,22350,,N,B,C,A,A,H,-,A,D,0,,,Y,,Y,,C,02,2,0,1,0,0,0,0,0,3,"- ","- ",,,INYO,UNINCORPORATED,-117.61106993999999,36.372440539999999
6866766,2015,2015-05-20,9825,2015-03-05,1137,12536,,4,1,9,1400,0,1,2,,1,006,"RT 395","WHITNEY ST",5092.00,N,N,A,-,Y,INY,9,395,-,-,38.760,H,-,N,Y,1,1,2,2,A,-,06,21751,,N,A,C,A,A,H,-,A,A,0,,,,,Y,,D,22,1,1,0,0,0,0,0,0,0,"- ","- ",36.33869,-118.02049,INYO,UNINCORPORATED,-118.02078794000001,36.335897420000002
6899259,2015,2016-12-19,9825,2015-04-15,0655,017072,,3,1,9,1400,0,1,3,,1,018,"RT 190","BORAX RD",291.00,E,N,A,-,Y,INY,9,190,-,-,109.130,H,-,W,Y,2,0,1,1,A,-,08,22107,,N,F,A,A,A,H,-,A,D,0,,,,,Y,,A,01,1,0,0,0,0,0,0,0,0,"- ","- ",36.490670000000001,-116.67001999999999,INYO,UNINCORPORATED,-116.86874373000001,36.479093859999999
6905434,2015,2016-12-19,9825,2015-06-23,1230,20415,,2,1,9,1400,0,1,3,,1,019,"RT 127","RT 178",541.00,S,N,A,-,Y,INY,9,127,-,-,16.330,H,-,S,Y,2,0,3,2,A,-,05,21460,A,N,A,C,A,A,H,-,A,D,0,,,,,Y,,A,07,1,1,1,0,0,0,0,0,0,"- ","- ",35.94341,-116.27337,INYO,UNINCORPORATED,-116.27413466,35.99498518
6905757,2015,2015-05-16,9825,2015-04-14,1515,17072,,2,2,9,1400,0,3,5,,2,050,"ARTISTS DR","BADWATER RD",14203.00,E,N,F,G,N,,,,,,,,,,Y,1,1,0,1,A,-,08,22107,,N,F,A,A,A,H,-,A,D,0,,,Y,,Y,,C,02,0,0,0,0,0,0,0,1,0,"- ","- ",36.347920000000002,-116.79371999999999,INYO,UNINCORPORATED,-116.82160376,36.376094039999998
6910203,2015,2015-05-13,9825,2015-04-11,1400,019814,,6,2,9,1400,0,3,5,,2,040,"UN-NAMED DIRT RD","DIXON LN",7392.00,N,N,A,-,N,,,,,,,,,,,2,0,1,1,A,-,03,38305,,N,F,A,A,A,H,-,A,D,0,,,Y,,Y,,C,02,1,0,0,0,0,0,0,0,1,"- ","- ",37.408430000000003,-118.44659,INYO,UNINCORPORATED,-118.44664,37.408574999999999
6919809,2015,2015-06-16,9825,2015-05-07,1715,12536,,4,2,9,1400,0,3,5,,2,060,"TRONA WILDROSE RD","BALLARAT RD",3696.00,S,N,B,-,N,,,,,,,,,,Y,2,0,1,1,A,-,08,22107,,N,F,A,A,A,H,-,A,D,0,,,Y,,Y,,C,02,1,0,0,0,0,0,0,0,1,"- ","- ",36.028840000000002,-117.29107999999999,INYO,UNINCORPORATED,-117.29162882,36.028693189999998
6963257,2015,2016-12-19,9825,2015-06-10,1610,12536,,3,2,9,1400,0,1,3,,2,016,"RT 190","DARWIN RD",22176.00,W,N,B,-,Y,INY,9,190,-,-,33.430,H,-,W,Y,2,0,2,2,A,-,03,22350,,N,C,C,A,A,H,-,A,D,0,,,Y,,Y,,C,02,2,0,0,0,0,0,0,0,2,"- ","- ",36.333649999999999,-117.73732,INYO,UNINCORPORATED,-117.73477701,36.333303989999997
6963330,2015,2015-07-10,9825,2015-06-10,0300,20415,,3,3,9,1400,0,2,4,,2,077,"PANAMINT VALLEY RD","TRONA WILDROSE RD",5280.00,N,N,B,-,N,,,,,,,,,,Y,2,0,2,1,A,-,08,22107,,N,F,A,A,A,H,-,D,D,0,,,,,Y,,A,01,1,1,0,0,0,0,0,0,0,"- ","- ",36.180790000000002,-117.31142,INYO,UNINCORPORATED,-117.31091481,36.180000939999999
7024456,2015,2017-01-30,9825,2015-08-12,1220,017072,,3,1,9,1400,0,1,3,,1,019,"RT 127","TECOPA HOT SPRINGS RD",4805.00,S,N,A,-,Y,INY,9,127,-,-,8.580,H,-,N,Y,2,0,2,2,A,-,05,21650,,N,A,C,A,A,H,-,A,D,0,,,,,Y,,D,22,2,0,0,0,0,0,0,0,0,"- ","- ",35.887560000000001,-116.25736000000001,INYO,UNINCORPORATED,-116.25758801000001,35.88511518
7042735,2015,2017-01-30,9825,2015-08-16,1520,18960,,7,2,9,1400,0,1,3,,1,012,"RT 168","DEATH VALLEY RD",682.00,E,N,A,-,Y,INY,9,168,-,-,20.970,H,-,E,Y,2,0,1,1,A,-,08,22107,,N,F,A,A,A,H,-,A,D,0,,,Y,,Y,,C,02,1,0,0,0,0,0,0,0,1,"- ","- ",37.186100000000003,-118.25112,INYO,UNINCORPORATED,-118.25291831,37.185252970000001
90042721,2015,2015-11-02,9825,2015-10-27,0650,020415,,2,1,9,1400,0,2,4,,2,073,"DAYLIGHT PASS RD",SR-190,5280.00,N,N,B,-,N,,,,,,,,,,Y,2,0,1,1,A,-,03,22350,,N,F,A,A,A,H,-,A,D,0,,,,,Y,,E,23,1,0,0,0,0,0,0,0,0,"- ","- ",36.646230000000003,-117.04116999999999,INYO,UNINCORPORATED,-116.94458641,36.602384219999998
90046110,2015,2015-11-06,9825,2015-10-28,1000,012536,,3,1,9,1400,0,3,5,,2,060,"DIRT RD. SOUTH OF CACTUS FLATS RD.","CACTUS FLATS RD",1584.00,S,N,A,-,N,,,,,,,,,,N,2,0,1,1,A,-,01,23152,A,N,F,A,A,A,H,-,A,D,0,,,Y,,Y,Y,C,06,1,0,0,0,0,0,0,0,1,"- ","- ",36.250070000000001,-117.98703,INYO,UNINCORPORATED,-117.98703,36.250070000000001
90103488,2015,2016-01-27,9825,2015-10-31,1839,020736,,6,2,9,1400,0,1,2,,1,007,US-395,"PEARSON ROAD",0.00,,Y,A,-,Y,,,395,,,,,,,Y,1,2,0,2,A,-,09,21804,A,N,D,C,A,A,H,-,D,D,0,,,Y,,Y,,C,02,0,0,0,0,0,0,0,2,0,"- ","- ",35.798319999999997,-117.87255,INYO,UNINCORPORATED,-117.87258921999999,35.798317109999999
90103490,2015,2016-01-27,9825,2015-10-31,1840,020736,,6,2,9,1400,0,1,2,,1,007,US-395,"PEARSON RD",0.00,,Y,A,-,Y,,,395,,,,,,,Y,2,0,1,2,C,-,18,,,N,G,B,E,A,G,-,D,D,0,Y,,,,Y,,-,"- ",1,0,0,0,1,0,0,0,0,"- ","- ",35.798459999999999,-117.87256000000001,INYO,UNINCORPORATED,-117.87259632,35.79845873
90110044,2016,2016-02-05,9825,2016-02-04,1155,019814,,4,1,9,1400,0,1,2,,1,004,"US-395 S/B","ABERDEEN STATION RD",4277.00,S,N,A,-,Y,,,395,,,,,,S,Y,2,0,1,1,A,-,08,22107,,N,E,I,A,A,H,-,A,D,0,,,,,Y,,A,07,1,0,0,0,0,0,0,0,0,"- ","- ",36.988169999999997,-118.2343,INYO,UNINCORPORATED,-118.23399306,36.988112309999998
90123472,2016,2016-02-25,9825,2016-02-22,1152,015522,,1,1,9,1400,0,1,2,,1,003,"US-395 N/B","KEOUGH HOT SPRINGS RD",15.00,N,N,A,-,Y,,,395,,,,,,N,Y,2,0,4,2,A,-,03,22350,,N,C,C,A,A,H,-,A,D,0,,,,,Y,Y,A,07,1,3,0,0,0,0,0,0,0,"- ","- ",37.258850000000002,-118.36113,INYO,UNINCORPORATED,-118.36111914999999,37.258855599999997
90127494,2016,2016-03-02,9825,2016-02-28,1400,020415,,7,2,9,1400,0,1,3,,2,017,SR-190,"EMIGRANT CANYON RD.",1000.00,E,N,A,-,Y,,,190,,,,,,,Y,2,0,1,2,A,-,08,22107,,N,D,C,A,A,H,-,A,D,0,,,,,Y,,D,22,1,0,0,0,0,0,0,0,0,"- ","- ",36.49803,-117.22689,INYO,UNINCORPORATED,-117.22686958,36.498029510000002
90136272,2016,2016-03-14,9825,2016-02-20,1230,017941,,6,1,9,1400,0,1,3,,2,017,"STATE ROUTE 190","WILDROSE CANYON ROAD",29568.00,W,N,A,-,Y,,,190,,,,,,,Y,1,1,0,1,A,-,08,22107,,N,F,A,A,A,H,-,A,D,0,,,Y,,Y,,C,02,0,0,0,0,0,0,0,1,0,"- ","- ",36.422539999999998,-117.26598,INYO,UNINCORPORATED,-117.26589001000001,36.422540720000001
90139345,2016,2016-03-18,9825,2016-03-13,1420,020415,,7,2,9,1400,0,1,3,,1,018,SR-190,"DANTES VIEW RD",26400.00,E,N,A,-,Y,,,190,,,,,,,Y,2,0,3,1,A,-,08,22107,,N,F,A,A,A,H,-,A,D,0,,,,,Y,,A,07,1,0,2,0,0,0,0,0,0,"- ","- ",36.375070000000001,-116.68059,INYO,UNINCORPORATED,-116.68058969000001,36.375077689999998
90162830,2016,2016-04-21,9825,2016-04-17,1430,020415,,7,2,9,1400,0,2,4,,2,073,"DEATH VALLEY RD.","UBEHEBE RD",63360.00,N,N,A,-,N,,,,,,,,,,Y,2,0,1,1,A,-,03,22350,,N,E,I,A,A,H,-,A,D,0,,,Y,,Y,,C,02,1,0,0,0,0,0,0,0,1,"- ","- ",37.117570000000001,-117.49916,INYO,UNINCORPORATED,-117.499139,37.117584000000001
90165163,2016,2016-05-26,9825,2016-04-17,1515,019814,,7,2,9,1400,0,1,2,,2,001,US-395,"PINE CREEK RD./ MILL CREEK RD.",0.00,,Y,A,-,Y,,,395,,,,,,,Y,1,1,0,2,A,-,09,21802,A,N,D,C,A,A,H,-,A,A,0,,,Y,,Y,,A,07,0,0,0,0,0,0,0,1,0,"- ","- ",37.419429999999998,-118.55556,INYO,UNINCORPORATED,-118.55555160999999,37.419434150000001
90169682,2016,2016-04-29,9825,2016-04-24,1000,020415,,7,1,9,1400,0,2,4,,2,074,"DANTES'S VIEW RD.",SR-190,15840.00,S,N,B,-,Y,,,,,,,,,,Y,1,1,0,1,A,-,08,22107,,N,F,A,A,A,H,-,A,D,0,,,Y,,Y,,C,02,0,0,0,0,0,0,0,1,0,"- ","- ",36.341340000000002,-116.69240000000001,INYO,UNINCORPORATED,-116.68804179,36.325926199999998
90177140,2016,2016-05-11,9825,2016-05-09,2105,018925,,1,2,9,1400,0,3,5,,2,040,"NORTH BARLOW LN.","BAR L LANE",112.00,N,N,A,-,N,,,,,,,,,,N,2,0,1,1,C,-,18,,,N,E,A,A,A,H,-,D,D,0,,,,,Y,,-,"- ",1,0,0,0,0,0,0,0,0,"- ","- ",37.377929999999999,-118.42281,INYO,UNINCORPORATED,-118.42295286,37.377837040000003
90191603,2016,2016-05-31,9825,2016-05-21,1535,016784,,6,2,9,1400,0,1,2,,1,007,"US-395 S/B",DUNMOVIN,1056.00,N,N,A,-,Y,,,395,,,,,,S,Y,1,1,2,1,A,-,08,22107,,N,F,A,A,A,H,-,A,D,0,,,,,Y,,A,07,0,2,0,0,0,0,0,0,0,"- ","- ",36.096620000000001,-117.96510000000001,INYO,UNINCORPORATED,-117.96514818999999,36.096598739999997
90201353,2016,2016-06-14,9825,2016-06-09,1225,017941,,4,1,9,1400,0,2,4,,2,074,"DANTES VIEW ROAD","FURNACE CREEK WASH RD",18480.00,S,N,A,-,N,,,,,,,,,,Y,2,0,1,1,A,-,08,22107,,N,F,A,A,A,H,-,A,D,0,,,Y,,Y,,C,02,1,0,0,0,0,0,0,0,1,"- ","- ",36.135509999999996,-116.42480999999999,INYO,UNINCORPORATED,-116.70136323,36.229910070000003
90229420,2016,2016-07-25,9825,2016-07-08,0050,020444,,5,3,9,1400,0,1,2,,1,003,"US HWY 395 N-BOUND","SUNLAND LN",3696.00,S,N,A,-,Y,,,395,,,,,,N,N,1,1,0,2,A,-,05,21202,A,N,C,G,A,A,H,-,D,A,0,,Y,,,Y,,L,04,0,0,0,0,0,1,0,0,0,"- ","- ",37.30883,-118.38252,INYO,UNINCORPORATED,-118.38257871,37.308799690000001
90241555,2016,2016-08-10,9825,2016-08-01,1515,020415,,1,2,9,1400,0,1,3,,2,017,SR-190,"EMIGRANT CANYON RD.",26400.00,W,N,A,-,Y,,,190,,,,,,,Y,2,0,1,1,A,-,08,22107,,N,E,I,A,A,H,-,A,D,0,,,Y,,Y,,C,02,1,0,0,0,0,0,0,0,1,"- ","- ",36.407209999999999,-117.27732,INYO,UNINCORPORATED,-117.2772658,36.407174400000002
90263223,2016,2016-09-07,9825,2016-08-30,0910,020415,,2,1,9,1400,0,1,3,,2,017,SR-190,"GROTTO CANYON RD.",1000.00,E,N,A,-,Y,,,190,,,,,,,Y,2,0,1,1,A,-,08,22107,,N,F,A,A,A,H,-,A,D,0,,,Y,,Y,,C,02,1,0,0,0,0,0,0,0,1,"- ","- ",36.601680000000002,-117.09923999999999,INYO,UNINCORPORATED,-117.09922458,36.601714489999999
90265590,2016,2016-09-12,9825,2016-09-10,2019,020183,,6,2,9,1400,0,3,5,,2,040,"403 ARBLOES DRIVE","ALISO CIR",356.00,E,N,B,-,N,,,,,,,,,,N,2,0,1,1,A,-,01,23152,A,N,E,I,A,A,H,-,C,D,0,,,Y,,Y,Y,C,02,1,0,0,0,0,0,0,0,1,"- ","- ",37.415280000000003,-118.54517,INYO,UNINCORPORATED,-118.54629343000001,37.415041309999999
90266369,2016,2016-09-13,9825,2016-09-02,1330,020736,,5,1,9,1400,0,2,4,,2,077,"SR-178 / PANAMINT VALLEY ROAD","NADEAU RD",18480.00,W,N,A,-,Y,,,,,,,,,,Y,2,0,5,1,A,-,03,22350,,N,F,A,A,A,H,-,A,D,0,,,,,Y,,A,07,1,4,0,0,0,0,0,0,0,"- ","- ",35.961640000000003,-117.33629999999999,INYO,UNINCORPORATED,,
90309347,2016,2016-11-02,9825,2016-10-26,1548,017941,,3,2,9,1400,0,2,4,,2,072,"BADWATER ROAD","STATE ROUTE 190",93456.00,S,N,A,-,N,,,,,,,,,,Y,2,0,1,1,A,-,08,22107,,N,F,A,A,A,H,-,A,D,0,,,Y,,Y,,C,02,1,0,0,0,0,0,0,0,1,"- ","- ",,,INYO,UNINCORPORATED,-116.77439588999999,36.220937409999998
90310254,2016,2016-11-03,9825,2016-10-26,1530,017941,,3,2,9,1400,0,1,3,,1,018,"STATE ROUTE 190","STATE ROUTE 127",42768.00,W,N,A,-,Y,,,190,,,,,,,Y,1,1,0,1,A,-,08,22107,,N,F,A,A,A,H,-,A,D,0,,,,,Y,,A,01,0,0,0,0,0,0,0,0,0,"- ","- ",36.32264,-116.55773000000001,INYO,UNINCORPORATED,-116.55774192,36.322614780000002
90312590,2016,2016-11-07,9825,2016-11-02,0718,018685,,3,1,9,1400,0,1,2,,1,006,"US-395 S/B","LUBKEN CANYON RD",13200.00,S,N,A,-,Y,,,,,,,,,,Y,2,0,1,1,A,-,08,22107,,N,E,I,A,A,H,-,A,D,0,,,,,Y,,A,07,1,0,0,0,0,0,0,0,0,"- ","- ",,,INYO,UNINCORPORATED,,
90320006,2016,2016-11-15,9825,2016-11-01,0910,017072,,2,1,9,1400,0,2,4,,2,075,"DAYLIGHT PASS RD","BEATTY CUT OFF ROAD",15840.00,E,N,A,-,N,,,,,,,,,,Y,2,0,1,1,A,-,08,22107,,N,F,A,A,A,H,-,A,D,0,,,Y,,Y,,C,02,1,0,0,0,0,0,0,0,1,"- ","- ",,,INYO,UNINCORPORATED,-116.94208,36.746381
90324833,2016,2016-11-18,9825,2016-11-12,1630,017072,,6,2,9,1400,0,2,4,,2,072,"BADWATER RD","BADWATER VISITORS CENTER",11141.00,S,N,A,-,N,,,,,,,,,,Y,2,0,1,1,A,-,08,22107,,N,F,A,A,A,H,-,B,D,0,,,Y,,Y,Y,C,02,1,0,0,0,0,0,0,0,1,"- ","- ",36.207250000000002,-116.77634,INYO,UNINCORPORATED,-116.77611524,36.208976210000003
90341212,2016,2017-01-27,9825,2016-12-05,2500,020444,,1,4,9,1400,0,3,5,,2,040,"DEATH VALLEY RD","SR 168 E",26928.00,S,N,A,-,N,,,,,,,,,,Y,1,1,0,1,A,-,01,23152,A,N,F,A,A,A,H,-,D,A,0,,,,,Y,,D,22,0,0,0,0,0,0,0,0,0,"- ","- ",37.156860000000002,-118.17716,INYO,UNINCORPORATED,-118.17429178,37.156945729999997
90349058,2016,2016-12-20,9825,2016-12-15,1426,020335,,4,2,9,1400,0,1,3,,2,016,SR-190,"PANAMINT VALLEY RD",4224.00,E,N,E,G,Y,,,190,,,,,,,Y,2,0,1,1,A,-,03,22350,,N,F,A,A,A,H,-,A,D,0,,,Y,,Y,,C,02,1,0,0,0,0,0,0,0,1,"- ","- ",36.341250000000002,-117.40103000000001,INYO,UNINCORPORATED,-117.40101674,36.34105856
90363448,2017,2017-01-06,9825,2017-01-01,1501,018925,,7,2,9,1400,0,3,5,,2,040,"DIRT TRAIL","NORTH ROUND VALLEY RD",603.00,W,N,A,-,N,,,,,,,,,,N,2,0,1,1,B,-,22,,,N,F,I,A,A,H,-,A,D,0,,,Y,,Y,,C,02,1,0,0,0,0,0,0,0,1,"- ","- ",37.44312,-118.60244,INYO,UNINCORPORATED,-118.60236171,37.442814380000002
90368896,2017,2017-03-30,9825,2017-01-06,1918,020736,,5,2,9,1400,0,1,2,,1,007,"US-395 N/B","PEARSON ROAD",0.00,,Y,A,-,Y,,,395,,,,,,N,Y,2,0,5,2,A,-,09,21803,A,N,D,C,A,A,H,-,D,A,0,,,,,Y,,A,01,2,3,0,0,0,0,0,0,0,"- ","- ",35.798360000000002,-117.87258,INYO,UNINCORPORATED,-117.87259232,35.798359089999998
90397224,2017,2017-02-21,9825,2017-02-11,1305,017941,,6,1,9,1400,0,2,4,,2,073,"UBEHEBE RD","SCOTTY'S CASTLE ROAD",26928.00,W,N,B,-,N,,,,,,,,,,N,2,0,1,1,A,-,08,22107,,N,F,A,A,A,H,-,A,D,0,,,Y,,Y,,C,02,1,0,0,0,0,0,0,0,1,"- ","- ",37.014969999999998,-117.45049,INYO,UNINCORPORATED,-117.449529,37.015385000000002
90412335,2017,2017-03-14,9825,2017-03-04,1025,017941,,6,1,9,1400,0,1,3,,1,019,"STATE ROUTE 190","RYAN ROAD",0.00,,Y,A,-,Y,,,190,,,,,,,Y,2,0,5,2,A,-,09,21802,A,N,D,D,A,A,H,-,A,D,0,,,,,Y,,A,07,1,1,3,0,0,0,0,0,0,"- ","- ",36.36307,-116.70921,INYO,UNINCORPORATED,-116.70920489,36.363056819999997
90420060,2017,2017-03-24,9825,2017-03-15,1949,020444,,3,2,9,1400,0,3,5,,2,040,"COYOTE VALLEY RD","UNDERWOOD LN",1056.00,S,N,A,-,N,,,,,,,,,,Y,1,1,2,1,A,-,08,22107,,N,F,A,A,A,H,-,D,D,0,,,,,Y,,A,07,0,1,1,0,0,0,0,0,0,"- ","- ",37.343559999999997,-118.43912,INYO,UNINCORPORATED,-118.43911129999999,37.343814350000002
90425994,2017,2017-04-03,9825,2017-03-24,1800,017072,,5,2,9,1400,0,3,5,,2,050,"HARRY WADE RD","BADWATER RD",47942.00,S,N,A,-,N,,,,,,,,,,Y,2,0,1,1,A,-,08,22107,,N,F,A,A,A,H,-,A,D,0,,,Y,,Y,Y,C,02,1,0,0,0,0,0,0,0,1,"- ","- ",35.81306,-116.53641,INYO,UNINCORPORATED,-116.53784640000001,35.815576710000002
90429626,2017,2017-04-07,9825,2017-04-05,1523,020335,,3,2,9,1400,0,3,5,,2,060,"TRONA WILDROSE RD","QUARRY RD",13728.00,N,N,A,-,N,,,,,,,,,,Y,2,0,1,1,A,-,08,22107,,N,B,A,A,A,H,-,A,D,0,,,Y,,Y,,C,02,1,0,0,0,0,0,0,0,1,"- ","- ",35.961399999999998,-117.33584,INYO,UNINCORPORATED,-117.33336370000001,35.957330669999997
90430581,2017,2017-04-10,9825,2017-03-30,2350,020530,,4,3,9,1400,0,1,2,,1,004,"US-395 S/B","MILLER LN",500.00,N,N,A,G,Y,,,,,,,,,,Y,2,0,2,2,A,-,09,21802,A,N,D,C,A,A,H,-,D,A,0,,,,Y,Y,,A,07,1,0,1,0,0,0,0,0,0,"- ","- ",38.836469999999998,-118.22859,INYO,UNINCORPORATED,,
90453759,2017,2017-05-11,9825,2017-04-25,2230,018441,,2,3,9,1400,0,3,5,,2,040,"BLACK ROCK SPRINGS ROAD",US-395,4224.00,E,N,A,-,N,,,,,,,,,,N,1,1,2,2,A,-,01,23152,A,N,A,C,A,A,H,-,D,D,0,,,Y,,Y,Y,C,02,2,0,0,0,0,0,0,1,2,"- ","- ",36.92709,-118.23367,INYO,UNINCORPORATED,-118.23633,36.92013