CASE_ID,ACCIDENT_YEAR,PROC_DATE,JURIS,COLLISION_DATE,COLLISION_TIME,OFFICER_ID,REPORTING_DISTRICT,DAY_OF_WEEK,CHP_SHIFT,POPULATION,CNTY_CITY_LOC,SPECIAL_COND,BEAT_TYPE,CHP_BEAT_TYPE,CITY_DIVISION_LAPD,CHP_BEAT_CLASS,BEAT_NUMBER,PRIMARY_RD,SECONDARY_RD,DISTANCE,DIRECTION,INTERSECTION,WEATHER_1,WEATHER_2,STATE_HWY_IND,CALTRANS_COUNTY,CALTRANS_DISTRICT,STATE_ROUTE,ROUTE_SUFFIX,POSTMILE_PREFIX,POSTMILE,LOCATION_TYPE,RAMP_INTERSECTION,SIDE_OF_HWY,TOW_AWAY,COLLISION_SEVERITY,NUMBER_KILLED,NUMBER_INJURED,PARTY_COUNT,PRIMARY_COLL_FACTOR,PCF_CODE_OF_VIOL,PCF_VIOL_CATEGORY,PCF_VIOLATION,PCF_VIOL_SUBSECTION,HIT_AND_RUN,TYPE_OF_COLLISION,MVIW,PED_ACTION,ROAD_SURFACE,ROAD_COND_1,ROAD_COND_2,LIGHTING,CONTROL_DEVICE,CHP_ROAD_TYPE,PEDESTRIAN_ACCIDENT,BICYCLE_ACCIDENT,MOTORCYCLE_ACCIDENT,TRUCK_ACCIDENT,NOT_PRIVATE_PROPERTY,ALCOHOL_INVOLVED,STWD_VEHTYPE_AT_FAULT,CHP_VEHTYPE_AT_FAULT,COUNT_SEVERE_INJ,COUNT_VISIBLE_INJ,COUNT_COMPLAINT_PAIN,COUNT_PED_KILLED,COUNT_PED_INJURED,COUNT_BICYCLIST_KILLED,COUNT_BICYCLIST_INJURED,COUNT_MC_KILLED,COUNT_MC_INJURED,PRIMARY_RAMP,SECONDARY_RAMP,LATITUDE,LONGITUDE,COUNTY,CITY,POINT_X,POINT_Y
90456084,2017,2017-05-15,9825,2017-05-06,1157,018685,,6,1,9,1400,0,1,3,,1,015,"SR-136 E/B","DOLOMITE LOOP ROAD",0.00,,Y,A,-,Y,,,136,,,,,,E,Y,2,0,1,2,A,-,05,21460,C,N,C,C,A,A,H,-,A,D,0,,,Y,Y,Y,,C,02,1,0,0,0,0,0,0,0,1,"- ","- ",36.574039999999997,-117.99713,INYO,UNINCORPORATED,-117.99714022000001,36.573963280000001
90469107,2017,2017-06-01,9825,2017-05-22,1500,012536,,1,2,9,1400,0,3,5,,2,060,"BADWATER RD.","FURNACE CREEK WASH RD.",79200.00,W,N,A,-,N,,,,,,,,,,Y,2,0,1,1,A,-,03,22350,,N,F,A,A,A,H,-,A,D,0,,,Y,,Y,,C,02,1,0,0,0,0,0,0,0,1,"- ","- ",35.900530000000003,-116.64724,INYO,UNINCORPORATED,-116.650397,35.902431999999997
90470530,2017,2017-06-05,9825,2017-06-01,2130,017941,,4,2,9,1400,0,1,3,,1,018,"STATE ROUTE 190","BADWATER ROAD",1056.00,E,N,A,-,Y,,,190,,,,,,,Y,2,0,4,1,A,-,01,23153,A,N,E,I,A,A,H,-,D,A,0,,,,,Y,Y,A,07,4,0,0,0,0,0,0,0,0,"- ","- ",36.450830000000003,-116.8501,INYO,UNINCORPORATED,-116.85005879000001,36.450767380000002
90472306,2017,2017-06-06,9825,2017-06-04,1008,020335,,7,1,9,1400,0,1,3,,2,017,SR-190,"LEMOIGNE CANYON ROAD",72.00,W,N,A,-,N,,,190,,,,,,,Y,2,0,2,1,A,-,08,22107,,N,F,A,A,A,H,-,A,D,0,,,,,Y,,D,22,1,0,1,0,0,0,0,0,0,"- ","- ",36.538260000000001,-117.21420999999999,INYO,UNINCORPORATED,-117.21412558999999,36.538209539999997
90475665,2017,2017-06-12,9825,2017-06-03,1630,017941,,6,2,9,1400,0,3,5,,2,050,"BIG PINE ROAD","UBEHEBE RD",5808.00,N,N,A,-,N,,,,,,,,,,Y,2,0,2,1,A,-,03,22350,,N,F,A,A,A,G,-,A,D,0,,,Y,,Y,,C,02,2,0,0,0,0,0,0,0,2,"- ","- ",37.033769999999997,-117.41225,INYO,UNINCORPORATED,,
90487454,2017,2017-06-26,9825,2017-06-18,1030,017565,,7,1,9,1400,0,1,3,,1,012,"RT 168","CANYON ROAD",8448.00,W,N,A,-,Y,,,,,,,,,,Y,2,0,1,1,A,-,17,21662,A,N,F,A,A,A,H,-,A,D,0,,,Y,,Y,,C,02,1,0,0,0,0,0,0,0,1,"- ","- ",37.265500000000003,-117.55526999999999,INYO,UNINCORPORATED,,
90500321,2017,2017-09-19,9825,2017-07-01,0315,012536,,6,3,9,1400,0,1,3,,2,020,SR-178,"CALIFORNIA/NEVADA STATE LINE",12144.00,W,N,A,-,Y,,,178,,,,,,,Y,1,1,0,1,A,-,01,23152,E,N,E,I,A,A,H,-,D,D,0,,,,,Y,,A,08,0,0,0,0,0,0,0,0,0,"- ","- ",36.157580000000003,-116.14703,INYO,UNINCORPORATED,-116.14704261,36.157603539999997
90542261,2017,2017-09-06,9825,2017-09-05,1145,017072,,2,1,9,1400,0,1,3,,1,019,SR-190,"SR-178 W/B",4699.00,N,N,B,-,Y,,,,,,,,,,Y,2,0,1,1,A,-,08,22107,,N,F,A,A,A,H,-,A,D,0,,,Y,,Y,,C,02,1,0,0,0,0,0,0,0,1,"- ","- ",36.010399999999997,-116.1739,INYO,UNINCORPORATED,,
90589006,2017,2017-11-07,9825,2017-10-23,0833,018685,,1,1,9,1400,0,1,3,,2,016,"SR-190 W/B","PANAMINT VALLEY RD",26928.00,E,N,A,-,Y,,,190,,,,,,W,Y,1,1,0,1,A,-,03,22350,,N,F,A,A,A,H,-,A,D,0,,,,Y,Y,,G,25,0,0,0,0,0,0,0,0,0,"- ","- ",36.347839999999998,-117.33783,INYO,UNINCORPORATED,-117.33787792,36.347934289999998
90613150,2017,2018-02-02,9825,2017-12-01,1015,019814,,5,1,9,1400,0,3,5,,2,040,"ROCKING W DR","BAR L LN",19.00,S,N,A,-,Y,,,,,,,,,,N,2,0,2,3,A,-,03,22350,,N,G,B,E,A,H,-,A,D,0,Y,,,,Y,,A,07,1,1,0,0,2,0,0,0,0,"- ","- ",37.377800000000001,-118.42034,INYO,UNINCORPORATED,-118.4203005,37.377837909999997
90615840,2017,2018-01-12,9825,2017-12-07,0120,020335,,4,3,9,1400,0,1,2,,1,006,US-395,"WHITNEY ST",10032.00,N,N,A,-,Y,,,395,,,,,,,Y,2,0,1,1,C,-,18,,,N,H,H,A,A,H,-,D,D,0,,,,Y,Y,,-,"- ",1,0,0,0,0,0,0,0,0,"- ","- ",36.347619999999999,-118.02237,INYO,UNINCORPORATED,-118.0223838,36.34761657
90649458,2017,2018-01-30,9825,2017-12-27,1651,020736,,3,2,9,1400,0,1,2,,1,007,US-395,"FALL RD",2112.00,S,N,A,-,Y,,,395,,,,,,,Y,1,2,2,2,A,-,08,22107,,N,A,C,A,A,H,-,B,A,0,,,,Y,Y,,A,01,1,1,0,0,0,0,0,0,0,"- ","- ",36.270969999999998,-118.00069000000001,INYO,UNINCORPORATED,-118.0007066,36.270961970000002
90658638,2018,2018-02-26,9825,2018-02-04,1620,020125,,7,2,9,1400,0,3,5,,2,040,"WARM SPRINGS RD","US-395 N/B",11088.00,E,N,A,-,N,,,,,,,,,,N,2,0,1,2,A,-,06,21755,,N,C,G,A,A,H,-,A,D,0,,Y,Y,,Y,,C,02,1,0,0,0,0,0,1,0,0,"- ","- ",37.193019866943359,-118.21102905273438,INYO,UNINCORPORATED,-118.352835,37.325353
90666643,2018,2018-02-22,9825,2018-02-18,1000,017072,,7,1,9,1400,0,2,4,,2,072,"BADWATER RD","WEST SIDE RD",52800.00,N,N,A,-,N,,,,,,,,,,N,2,0,2,1,A,-,08,22107,,N,F,A,A,A,H,-,A,D,0,,,Y,,Y,,C,02,1,0,1,0,0,0,0,0,2,"- ","- ",36.01409912109375,-116.45120239257812,INYO,UNINCORPORATED,-116.85276031494141,36.448448181152344
90669555,2018,2018-02-26,9825,2018-02-17,1245,017941,,6,1,9,1400,0,3,5,,2,050,"WARMS SPRING CANYON ROAD","WEST SIDE ROAD",84480.00,W,N,A,-,N,,,,,,,,,,N,2,0,1,1,A,-,08,22107,,N,F,A,A,A,G,-,A,D,0,,,Y,,Y,,C,02,1,0,0,0,0,0,0,0,1,"- ","- ",35.937961578369141,-117.06867980957031,INYO,UNINCORPORATED,-116.95957183837891,35.976020812988281
90675943,2018,2018-03-06,9825,2018-02-28,1530,017072,,3,2,9,1400,0,2,4,,2,072,"BADWATER RD","HARRY WADE ROAD",4699.00,E,N,A,-,N,,,,,,,,,,Y,2,0,1,1,A,-,08,22107,,N,F,A,A,A,H,-,A,D,0,,,Y,,Y,,C,02,1,0,0,0,0,0,0,0,1,"- ","- ",35.540000915527344,-116.3822021484375,INYO,UNINCORPORATED,-116.65680694580078,35.899860382080078
90686720,2018,2018-04-10,9825,2018-03-13,1419,018685,,2,2,9,1400,0,3,5,,2,060,"TRONA WILDROSE RD","QUARRY RD",20592.00,N,N,A,G,N,,,,,,,,,,N,2,0,1,1,A,-,08,22107,,N,E,I,A,A,H,-,A,D,0,,,Y,,Y,,C,02,1,0,0,0,0,0,0,0,1,"- ","- ",35.968158721923828,-117.34108734130859,INYO,UNINCORPORATED,-117.33919525146484,35.971790313720703
90697610,2018,2018-04-03,9825,2018-03-23,1430,017941,,5,2,9,1400,0,3,5,,2,050,"CLAY RD","STATE ROUTE 127",25344.00,W,N,A,-,N,,,,,,,,,,N,2,0,1,1,A,-,08,22107,,N,F,A,A,A,G,-,A,D,0,,,Y,,Y,,C,02,1,0,0,0,0,0,0,0,1,"- ","- ",36.356681823730469,-116.43618774414062,INYO,UNINCORPORATED,-116.44441986083984,36.385471343994141
90711388,2018,2018-04-23,9825,2018-04-17,2314,020118,,2,3,9,1400,0,1,2,,1,006,US-395,"MOUNTAIN VIEW ST.",107.00,S,N,A,-,Y,,,395,,,,,,,Y,2,0,1,1,A,-,08,22107,,N,E,I,A,A,H,-,C,D,0,,,,,Y,,A,01,1,0,0,0,0,0,0,0,0,"- ","- ",36.605159759521484,-118.06320190429688,INYO,UNINCORPORATED,-118.06315612792969,36.605182647705078
90727064,2018,2018-05-15,9825,2018-05-04,0415,012536,,5,3,9,1400,0,1,3,,1,019,SR-127,SR-190,8448.00,N,N,A,-,Y,,,127,,,,,,,Y,2,0,1,1,A,-,08,22107,,N,E,I,A,A,H,-,D,D,0,,,,Y,Y,,G,25,1,0,0,0,0,0,0,0,0,"- ","- ",36.326290130615234,-116.42276763916016,INYO,UNINCORPORATED,-116.42282104492188,36.326271057128906
90730786,2018,2018-05-21,9825,2018-05-13,1430,020118,,7,2,9,1400,0,1,3,,2,016,SR-190,"PANAMINT VALLEY RD",12672.00,W,N,A,-,Y,,,190,,,,,,,Y,2,0,3,2,A,-,03,22350,,N,D,C,A,A,H,-,A,D,0,,,Y,,Y,,C,02,1,2,0,0,0,0,0,0,3,"- ","- ",36.339580535888672,-117.46743774414062,INYO,UNINCORPORATED,-117.46744537353516,36.339561462402344
90740429,2018,2018-06-04,9825,2018-05-25,1455,017565,,5,2,9,1400,0,3,5,,2,040,"GERKIN RD","SUNLAND DRIVE",0.00,,Y,A,-,N,,,,,,,,,,Y,2,0,3,2,A,-,12,22450,A,N,D,C,A,A,H,-,A,A,0,,,,,Y,,A,01,3,0,0,0,0,0,0,0,0,"- ","- ",37.317951202392578,-118.39057922363281,INYO,UNINCORPORATED,-118.39058685302734,37.317951202392578
90742695,2018,2018-06-06,9825,2018-06-04,0027,018685,,1,3,9,1400,0,1,2,,1,007,"US-395 N/B","NORTH HALWEE RD",1056.00,S,N,A,-,Y,,,,,,,,,,Y,2,0,4,1,A,-,08,22107,,N,E,I,A,A,H,-,D,D,0,,,,,Y,,A,08,1,3,0,0,0,0,0,0,0,"- ","- ",,,INYO,UNINCORPORATED,,
90771728,2018,2018-07-18,9825,2018-07-07,1230,012536,,6,1,9,1400,0,1,3,,2,016,"US-395 SOUTHBOUND","NINE MILE CANYON RD.",13200.00,N,N,A,-,Y,,,395,,,,,,S,Y,2,0,1,1,A,-,08,22107,,N,E,I,A,A,H,-,A,D,0,,,,,Y,,D,22,1,0,0,0,0,0,0,0,0,"- ","- ",35.874088287353516,-117.88828277587891,INYO,UNINCORPORATED,-117.88841247558594,35.874038696289062
90775358,2018,2018-07-24,9825,2018-07-17,1910,022003,,2,2,9,1400,0,3,5,,2,060,"HOMEWOOD CANYON RD",SR-178,26400.00,W,N,A,-,N,,,,,,,,,,Y,2,0,3,1,A,-,01,23152,A,N,F,A,A,A,H,-,B,D,0,,,,,Y,Y,D,22,1,2,0,0,0,0,0,0,0,"- ","- ",35.899990081787109,-117.39325714111328,INYO,UNINCORPORATED,-117.41105651855469,35.890369415283203
90780448,2018,2018-07-30,9825,2018-07-21,1300,017941,,6,1,9,1400,0,1,3,,2,020,"STATE ROUTE 178","CHICAGO VALLEY ROAD",23760.00,E,N,A,G,Y,,,178,,,,,,,Y,2,0,2,1,A,-,08,22107,,N,F,A,A,A,H,-,A,D,0,,,Y,,Y,,C,02,2,0,0,0,0,0,0,0,2,"- ","- ",36.064418792724609,-116.18850708007812,INYO,UNINCORPORATED,-116.18858337402344,36.064430236816406
90787944,2018,2018-08-09,9825,2018-08-05,1426,020118,,7,2,9,1400,0,3,5,,2,060,"FALL ROAD","SPRING CIRCLE",394.00,E,N,A,-,N,,,,,,,,,,N,2,0,1,1,A,-,03,22350,,N,H,A,A,A,H,-,A,D,0,,,Y,,Y,,C,06,1,0,0,0,0,0,0,0,1,"- ","- ",36.275180816650391,-118.01165008544922,INYO,UNINCORPORATED,-118.01172637939453,36.275127410888672
90790656,2018,2018-08-14,9825,2018-08-06,1545,020118,,1,2,9,1400,0,1,2,,1,007,"N/B US-395","CINDER ROAD",20.00,N,N,A,-,Y,,,395,,,,,,,Y,2,0,1,1,A,-,08,22107,,N,F,I,A,A,H,-,A,D,0,,,,,Y,,D,22,1,0,0,0,0,0,0,0,0,"- ","- ",35.979270935058594,-117.92381286621094,INYO,UNINCORPORATED,-117.92383575439453,35.979255676269531
90793183,2018,2018-09-04,9825,2018-08-11,1630,019814,,6,2,9,1400,0,3,5,,2,040,"RIVER RD N/OF WARM SPRINGS RD","WARM SPRINGS RD",3960.00,N,N,A,-,N,,,,,,,,,,Y,2,0,3,2,A,-,03,38305,,N,A,C,A,A,H,-,A,D,0,,,,,Y,Y,A,07,1,2,0,0,0,0,0,0,0,"- ","- ",37.336521148681641,-118.32692718505859,INYO,UNINCORPORATED,,
90830793,2018,2018-10-08,9825,2018-09-28,1230,017941,,5,1,9,1400,0,1,3,,1,018,"STATE ROUTE 190","STATE ROUTE 127",68640.00,W,N,A,-,Y,,,190,,,,,,,Y,2,0,1,1,A,-,08,22107,,N,F,A,A,A,H,-,A,D,0,,,Y,,Y,,C,02,1,0,0,0,0,0,0,0,1,"- ","- ",36.351490020751953,-116.63730621337891,INYO,UNINCORPORATED,-116.63729858398438,36.351539611816406
90839633,2018,2018-10-19,9825,2018-10-11,1430,020118,,4,2,9,1400,0,1,2,,1,007,"US-395 NORTHBOUND","COSO GILL STATION ROAD",3696.00,S,N,A,-,Y,,,395,,,,,,N,Y,2,0,2,1,A,-,08,22107,,N,F,I,A,A,H,-,A,D,0,,,,,Y,,D,22,1,1,0,0,0,0,0,0,0,"- ","- ",36.034671783447266,-117.94367218017578,INYO,UNINCORPORATED,-117.94364166259766,36.034679412841797
90840117,2018,2018-10-19,9825,2018-10-13,0940,017941,,6,1,9,1400,0,2,4,,2,072,"ARTIST'S DRIVE","BADWATER ROAD",15840.00,E,N,A,-,N,,,,,,,,,,Y,2,0,2,1,A,-,08,22107,,N,E,I,A,A,B,-,A,D,0,,,,,Y,,A,01,1,1,0,0,0,0,0,0,0,"- ","- ",36.348869323730469,-116.79385375976562,INYO,UNINCORPORATED,-116.82246398925781,36.372089385986328
90862831,2018,2018-11-19,9825,2018-11-07,1545,017072,,3,2,9,1400,0,2,4,,2,073,"NORTH HIGHWAY",SR-190,23760.00,N,N,A,-,N,,,,,,,,,,N,2,0,1,1,A,-,08,22107,,N,F,A,A,A,H,-,A,D,0,,,Y,,Y,,C,02,1,0,0,0,0,0,0,0,1,"- ","- ",36.423000335693359,-117.07009887695312,INYO,UNINCORPORATED,-117.09188079833984,36.684558868408203
90893711,2018,2018-12-28,9825,2018-12-26,1115,013479,,3,1,9,1400,0,1,2,,1,003,"US-395 S/B","SR-168 EAST",3696.00,N,N,A,-,Y,,,395,,,,,,S,Y,2,0,2,1,A,-,08,22107,,N,E,I,A,A,H,-,A,D,0,,,,,Y,,A,01,2,0,0,0,0,0,0,0,0,"- ","- ",37.181610107421875,-118.29847717285156,INYO,UNINCORPORATED,-118.29837799072266,37.181709289550781
90898161,2018,2019-01-04,9825,2018-12-24,1300,014450,,1,1,9,1400,0,3,5,,2,040,"FOREST SERVICE ROAD","ED POWERS ROAD",31680.00,W,N,A,-,N,,,,,,,,,,N,2,0,1,1,B,-,22,,,N,F,A,A,A,B,-,A,D,0,,,Y,,Y,,C,02,1,0,0,0,0,0,0,0,1,"- ","- ",37.376091003417969,-118.54840087890625,INYO,UNINCORPORATED,,
90900318,2019,2019-01-09,9825,2019-01-02,1400,017072,,3,2,9,1400,0,2,4,,2,073,"NORTH HIGHWAY","MESQUITE RD",8870.00,S,N,A,-,N,,,,,,,,,,N,2,0,1,1,A,-,08,22107,,N,F,A,A,A,H,-,A,D,0,,,Y,,Y,,C,02,1,0,0,0,0,0,0,0,1,"- ","- ",36.581798553466797,-117.20369720458984,INYO,UNINCORPORATED,-117.34429931640625,36.972061157226562
90915032,2019,2019-01-29,9825,2019-01-27,1545,020530,,7,2,9,1400,0,1,2,,2,002,"US HWY 395 N-BOUND","MACGREGOR AVE",0.00,,Y,A,-,Y,,,395,,,,,,N,N,2,0,1,2,A,-,09,21802,A,N,D,G,A,A,H,-,A,A,0,,Y,,,Y,,A,07,1,0,0,0,0,0,1,0,0,"- ","- ",37.375919342041016,-118.41587829589844,INYO,UNINCORPORATED,-118.41587829589844,37.375907897949219
90929261,2019,2020-02-19,9825,2019-02-08,0330,017941,,5,3,9,1400,0,1,3,,1,019,"STATE ROUTE 127","STATE LINE ROAD",14256.00,S,N,A,-,Y,,,127,,,,,,,Y,1,1,0,1,A,-,08,22107,,N,E,I,A,A,H,-,D,D,0,,,,,Y,,A,01,0,0,0,0,0,0,0,0,0,"- ","- ",36.267288208007812,-116.43441772460938,INYO,UNINCORPORATED,-116.43449401855469,36.267314910888672
90929286,2019,2019-02-19,9825,2019-02-11,1920,021400,,1,2,9,1400,0,1,2,,1,004,"US 395 S/B","FORT INDEPENDENCE TRAVEL PLAZA",0.00,,Y,A,-,Y,,,,,,,,,,Y,2,0,1,2,A,-,01,23152,A,N,D,C,A,A,H,-,D,A,0,,,,,Y,Y,A,01,1,0,0,0,0,0,0,0,0,"- ","- ",36.836620330810547,-118.22860717773438,INYO,UNINCORPORATED,,
90958080,2019,2019-04-01,9825,2019-03-21,1545,022270,,4,2,9,1400,0,1,3,,1,012,SR-168,"WYMAN CANYON RD.",4752.00,E,N,A,-,Y,,,168,,,,,,,Y,2,0,1,1,A,-,03,22350,,N,E,I,A,A,H,-,A,D,0,,,,Y,Y,,G,25,1,0,0,0,0,0,0,0,0,"- ","- ",37.415019989013672,-117.96528625488281,INYO,UNINCORPORATED,-117.96526336669922,37.415050506591797
90978276,2019,2019-04-29,9825,2019-04-26,1540,017565,,5,2,9,1400,0,2,4,,2,021,"SEE-VEE LANE","WEST LINE STREET",0.00,,Y,A,-,Y,,,,,,,,,,N,2,0,1,2,A,-,11,21950,B,F,G,B,B,A,H,-,A,D,0,Y,,,,Y,,N,60,1,0,0,0,1,0,0,0,0,"- ","- ",37.361438751220703,-118.41384124755859,INYO,UNINCORPORATED,-118.41378784179688,37.361320495605469
90980246,2019,2019-05-02,9825,2019-04-21,1417,020736,,7,2,9,1400,0,2,4,,2,073,"SCOTTYS CASTLE RD","UBEHEBE RD",8976.00,S,N,B,-,N,,,,,,,,,,Y,2,0,1,1,A,-,08,22107,,N,F,A,A,A,B,-,A,A,0,,,Y,,Y,,C,02,1,0,0,0,0,0,0,0,1,"- ","- ",36.981010437011719,-117.35759735107422,INYO,UNINCORPORATED,-117.35279846191406,36.977527618408203
90984491,2019,2019-05-20,9825,2019-04-29,1900,020736,,1,2,9,1400,0,2,4,,2,072,"BADWATER RD",SR-190,79200.00,S,N,A,-,N,,,,,,,,,,Y,2,0,4,2,A,-,05,21460,C,N,B,C,A,A,H,-,B,A,0,,,,,Y,,A,08,1,3,0,0,0,0,0,0,0,"- ","- ",36.284751892089844,-116.77324676513672,INYO,UNINCORPORATED,-116.77359771728516,36.250736236572266
90987896,2019,2019-05-14,9825,2019-05-05,0700,020118,,7,1,9,1400,0,3,5,,2,060,"DAYLIGHT PASS ROAD (MUD CANYON)","SCOTTY'S CASTLE ROAD",8448.00,E,N,A,-,N,,,,,,,,,,Y,2,0,1,1,A,-,08,22107,,N,F,A,A,A,H,-,A,D,0,,,,,Y,,A,01,1,0,0,0,0,0,0,0,0,"- ","- ",36.659450531005859,-117.02079010009766,INYO,UNINCORPORATED,-117.02079010009766,36.659450531005859
91026574,2019,2019-07-08,9825,2019-06-30,1532,020736,,7,2,9,1400,0,1,2,,1,006,US-395,"PINE ST",15840.00,S,N,A,-,Y,,,395,,,,,,,Y,2,0,3,3,A,-,08,22107,,N,B,C,A,A,H,-,A,A,0,,,,,Y,,B,07,1,0,2,0,0,0,0,0,0,"- ","- ",36.314468383789062,-118.02696990966797,INYO,UNINCORPORATED,-118.02694702148438,36.314476013183594
91034207,2019,2019-07-19,9825,2019-06-27,1055,022270,,4,1,9,1400,0,1,2,,1,007,"US-395 N/B","CINDER RD",3168.00,S,N,A,-,Y,,,395,,,,,,N,Y,1,1,1,1,A,-,08,22107,,N,F,A,A,A,H,-,A,D,0,,,,,Y,,A,07,1,0,0,0,0,0,0,0,0,"- ","- ",35.967498779296875,-117.91919708251953,INYO,UNINCORPORATED,-117.91880035400391,35.967700958251953
91046309,2019,2019-08-06,9825,2019-08-05,1245,017072,,1,1,9,1400,0,1,3,,1,018,SR-190,"SLAB CITY ROAD",2640.00,W,N,A,-,Y,,,,,,,,,,Y,2,0,4,1,A,-,08,22107,,N,F,A,A,A,H,-,A,D,0,,,,,Y,,A,01,2,2,0,0,0,0,0,0,0,"- ","- ",36.203998565673828,-116.36430358886719,INYO,UNINCORPORATED,,
91052140,2019,2019-08-14,9825,2019-07-28,1106,012536,,7,1,9,1400,0,1,2,,1,006,US-395,"CACTUS FLATS RD.",75.00,N,N,A,-,Y,,,395,,,,,,,N,1,1,0,2,A,-,17,21805,C,N,H,J,A,A,H,-,A,D,0,,,,,Y,,-,99,0,0,0,0,0,0,0,0,0,"- ","- ",36.255321502685547,-117.99320983886719,INYO,UNINCORPORATED,-117.99319458007812,36.255329132080078
91066418,2019,2019-09-03,9825,2019-08-28,0800,017941,,3,1,9,1400,0,1,3,,2,020,"STATE ROUTE 178","CHICAGO VALLEY ROAD",63360.00,E,N,A,-,Y,,,178,,,,,,,Y,2,0,1,1,A,-,08,22107,,N,E,I,A,A,H,-,A,D,0,,,,,Y,,A,01,1,0,0,0,0,0,0,0,0,"- ","- ",36.160701751708984,-116.13941955566406,INYO,UNINCORPORATED,-116.13943481445312,36.1607666015625
91088313,2019,2019-10-01,9825,2019-09-19,2140,012536,,4,2,9,1400,0,1,2,,1,007,"US-395 N/B","CINDER RD.",2112.00,S,N,A,-,Y,,,395,,,,,,N,Y,2,0,1,1,A,-,08,22107,,N,F,A,A,A,H,-,D,D,0,,,,,Y,Y,D,22,1,0,0,0,0,0,0,0,0,"- ","- ",35.970890045166016,-117.92015075683594,INYO,UNINCORPORATED,-117.92023468017578,35.970855712890625
91092706,2019,2019-10-08,9825,2019-10-05,0537,016173,,6,3,9,1400,0,1,2,,1,003,"US-395 S/B","COUNTY RD",106.00,S,N,A,-,Y,,,395,,,,,,S,Y,2,0,3,2,A,-,05,21460,A,N,A,C,A,A,H,-,D,D,0,,,,,Y,,A,01,1,0,2,0,0,0,0,0,0,"- ","- ",37.173099517822266,-118.29026031494141,INYO,UNINCORPORATED,-118.29020690917969,37.173130035400391
91130850,2019,2019-11-27,9825,2019-11-17,0044,022390,,7,3,9,1400,0,1,2,,1,007,"US-395 N/B","GILL STATION COSO RD",16368.00,N,N,A,-,Y,,,395,,,,,,N,Y,2,0,2,1,A,-,08,22107,,N,E,I,A,A,H,-,D,D,0,,,,,Y,,A,01,2,0,0,0,0,0,0,0,0,"- ","- ",36.088798522949219,-117.96086120605469,INYO,UNINCORPORATED,-117.9609375,36.088768005371094
91133586,2019,2019-12-02,9825,2019-11-26,1125,016173,,2,1,9,1400,0,1,2,,1,003,US-395,"CROCKER AVE",217.00,N,N,A,-,Y,,,395,,,,,,,Y,2,0,1,2,A,-,03,22350,,N,C,C,A,A,H,-,A,D,0,,,,Y,Y,,F,26,1,0,0,0,0,0,0,0,0,"- ","- ",37.167049407958984,-118.28964233398438,INYO,UNINCORPORATED,-118.28959655761719,37.167049407958984
91140042,2019,2019-12-10,9825,2019-08-17,1755,022270,,6,2,9,1400,0,1,2,,1,004,"US-395 N/B","FORT INDEPENDENCE RD.",8976.00,N,N,A,-,Y,,,395,,,,,,N,Y,1,1,1,3,A,-,05,21651,B,N,A,C,A,A,H,-,A,D,0,,,,Y,Y,,A,07,1,0,0,0,0,0,0,0,0,"- ","- ",36.872821807861328,-118.23735809326172,INYO,UNINCORPORATED,-118.23743438720703,36.872806549072266
91153439,2019,2019-12-26,9825,2019-12-23,1530,014450,,1,2,9,1400,0,3,5,,2,040,"REATA MOTOCROSS TRACK","REATA RD",4224.00,S,N,B,C,N,,,,,,,,,,N,2,0,1,1,C,-,18,,,N,F,A,A,D,A,H,A,D,0,,,Y,,Y,,-,"- ",1,0,0,0,0,0,0,0,1,"- ","- ",37.341781616210938,-118.44048309326172,INYO,UNINCORPORATED,,
91158195,2019,2020-01-02,9825,2019-12-30,1650,017072,,1,2,9,1400,0,1,3,,2,017,SR-190,"MESQUITE DUNES PARKING LOT ENTRANCE",528.00,E,N,A,-,Y,,,,,,,,,,Y,2,0,5,2,A,-,05,21460,A,N,A,C,A,A,H,-,D,D,0,,,,,Y,,A,01,5,0,0,0,0,0,0,0,0,"- ","- ",36.36199951171875,-117.06459808349609,INYO,UNINCORPORATED,,