CASE_ID,ACCIDENT_YEAR,PROC_DATE,JURIS,COLLISION_DATE,COLLISION_TIME,OFFICER_ID,REPORTING_DISTRICT,DAY_OF_WEEK,CHP_SHIFT,POPULATION,CNTY_CITY_LOC,SPECIAL_COND,BEAT_TYPE,CHP_BEAT_TYPE,CITY_DIVISION_LAPD,CHP_BEAT_CLASS,BEAT_NUMBER,PRIMARY_RD,SECONDARY_RD,DISTANCE,DIRECTION,INTERSECTION,WEATHER_1,WEATHER_2,STATE_HWY_IND,CALTRANS_COUNTY,CALTRANS_DISTRICT,STATE_ROUTE,ROUTE_SUFFIX,POSTMILE_PREFIX,POSTMILE,LOCATION_TYPE,RAMP_INTERSECTION,SIDE_OF_HWY,TOW_AWAY,COLLISION_SEVERITY,NUMBER_KILLED,NUMBER_INJURED,PARTY_COUNT,PRIMARY_COLL_FACTOR,PCF_CODE_OF_VIOL,PCF_VIOL_CATEGORY,PCF_VIOLATION,PCF_VIOL_SUBSECTION,HIT_AND_RUN,TYPE_OF_COLLISION,MVIW,PED_ACTION,ROAD_SURFACE,ROAD_COND_1,ROAD_COND_2,LIGHTING,CONTROL_DEVICE,CHP_ROAD_TYPE,PEDESTRIAN_ACCIDENT,BICYCLE_ACCIDENT,MOTORCYCLE_ACCIDENT,TRUCK_ACCIDENT,NOT_PRIVATE_PROPERTY,ALCOHOL_INVOLVED,STWD_VEHTYPE_AT_FAULT,CHP_VEHTYPE_AT_FAULT,COUNT_SEVERE_INJ,COUNT_VISIBLE_INJ,COUNT_COMPLAINT_PAIN,COUNT_PED_KILLED,COUNT_PED_INJURED,COUNT_BICYCLIST_KILLED,COUNT_BICYCLIST_INJURED,COUNT_MC_KILLED,COUNT_MC_INJURED,PRIMARY_RAMP,SECONDARY_RAMP,LATITUDE,LONGITUDE,COUNTY,CITY,POINT_X,POINT_Y
91180941,2020,2020-02-18,9825,2020-01-24,1446,021411,,5,2,9,1400,0,1,3,,1,012,SR-168,"DEATH VALLEY RD",1690.00,E,N,A,-,Y,,,168,,,,,,,Y,2,0,2,1,A,-,01,23152,A,N,E,I,A,A,H,-,A,D,0,,,,,Y,Y,A,01,1,1,0,0,0,0,0,0,0,"- ","- ",37.187061309814453,-118.25054931640625,INYO,UNINCORPORATED,-118.250732421875,37.187118530273438
91185407,2020,2020-02-14,9825,2020-01-02,0823,016784,,4,1,9,1400,0,1,2,,1,006,US-395,SR-190,151.00,N,N,A,-,Y,,,,,,,,,,Y,1,1,6,1,A,-,08,22107,,N,F,A,A,A,H,-,A,D,0,,,,,Y,,A,07,1,5,0,0,0,0,0,0,0,"- ","- ",36.165699005126953,-118.00229644775391,INYO,UNINCORPORATED,-118.00638580322266,36.282596588134766
91216258,2020,2020-03-26,9825,2020-03-18,1830,017072,,3,2,9,1400,0,1,3,,2,020,"SR-178 WEST",SR-190,3696.00,W,N,B,-,Y,,,,,,,,,,Y,2,0,1,1,A,-,08,22107,,N,F,A,A,A,H,-,A,D,0,,,Y,,Y,,C,02,1,0,0,0,0,0,0,0,1,"- ","- ",35.594600677490234,-116.17120361328125,INYO,UNINCORPORATED,,
91223979,2020,2020-04-10,9825,2020-02-13,1400,020736,,4,2,9,1400,0,1,2,,1,007,"US-395 NORTHBOUND","GILL STATION COSO RD.",0.00,,Y,A,-,Y,,,395,,,,,,N,Y,1,2,0,2,A,-,12,22450,A,N,D,C,A,A,H,-,A,A,0,,,,Y,Y,,A,01,0,0,0,0,0,0,0,0,0,"- ","- ",36.045860290527344,-117.94724273681641,INYO,UNINCORPORATED,-117.94720458984375,36.045871734619141
91240026,2020,2020-05-20,9825,2020-05-11,1700,020530,,1,2,9,1400,0,3,5,,2,040,"SOUTH LAKE RD.","FOUR JEFFREY CAMPGROUND RD.",544.00,N,N,A,-,N,,,,,,,,,,Y,2,0,3,1,A,-,01,23152,A,N,E,I,A,A,B,D,A,D,0,,,,,Y,Y,A,07,1,1,1,0,0,0,0,0,0,"- ","- ",37.248741149902344,-118.57251739501953,INYO,UNINCORPORATED,-118.57251739501953,37.248741149902344
91245260,2020,2020-05-29,9825,2020-05-24,1100,015522,,7,1,9,1400,0,3,5,,2,040,"SOUTH ROUND VALLEY ROAD","SAWMILL ROAD",5808.00,N,N,A,-,N,,,,,,,,,,N,2,0,1,1,A,-,08,22107,,N,H,A,A,A,H,-,A,D,0,,Y,,,Y,,L,04,1,0,0,0,0,0,1,0,0,"- ","- ",37.394741058349609,-118.5189208984375,INYO,UNINCORPORATED,-118.51934814453125,37.394725799560547
91256935,2020,2020-06-24,9825,2020-06-12,1300,016119,,5,1,9,1400,0,1,2,,1,004,"US 395","DUSTY LANE",0.00,,Y,A,-,Y,,,,,,,,,,Y,2,0,1,2,A,-,08,22107,,N,D,C,A,A,H,-,A,D,0,,,Y,Y,Y,,G,25,1,0,0,0,0,0,0,0,1,"- ","- ",36.842548370361328,-118.2384033203125,INYO,UNINCORPORATED,-118.22966003417969,36.840568542480469
91263943,2020,2020-07-06,9825,2020-06-29,1410,018685,,1,2,9,1400,0,1,3,,2,017,SR-190,"WILDROSE RD",26928.00,W,N,A,-,Y,,,190,,,,,,,Y,2,0,2,1,A,-,03,22350,,N,E,I,A,A,H,-,A,D,0,,,,,Y,,A,01,1,1,0,0,0,0,0,0,0,"- ","- ",36.422428131103516,-117.26583099365234,INYO,UNINCORPORATED,-117.26588439941406,36.42242431640625
91269577,2020,2020-07-16,9825,2020-07-05,1555,022390,,7,2,9,1400,0,1,2,,1,006,US-395,"INYO ST.",0.00,,Y,A,-,Y,,,395,,,,,,,Y,2,0,5,2,A,-,03,22350,,N,D,C,A,A,H,-,A,D,0,,,,,Y,,D,22,1,3,1,0,0,0,0,0,0,"- ","- ",36.601158142089844,-118.06120300292969,INYO,UNINCORPORATED,-118.06116485595703,36.601177215576172
91276673,2020,2020-07-29,9825,2020-07-21,1350,017035,,2,1,9,1400,0,3,5,,2,040,"POLETA RD","OWENS RIVER BRIDGE",900.00,W,N,A,-,N,,,,,,,,,,Y,2,0,1,2,A,-,01,23152,G,N,B,C,A,A,H,-,A,D,0,,,Y,,Y,Y,C,02,1,0,0,0,0,0,0,0,1,"- ","- ",37.361591339111328,-118.34236907958984,INYO,UNINCORPORATED,-118.34236907958984,37.361549377441406
91280538,2020,2020-08-04,9825,2020-07-26,1605,018441,,7,2,9,1400,0,1,2,,2,001,US-395,"PINE CREEK ROAD",0.00,,Y,A,-,Y,,,395,,,,,,,Y,2,0,1,2,A,-,09,21802,B,N,D,C,A,A,H,-,A,A,0,,,,,Y,,A,07,1,0,0,0,0,0,0,0,0,"- ","- ",37.419441223144531,-118.55558776855469,INYO,UNINCORPORATED,-118.55556488037109,37.419456481933594
91284371,2020,2020-08-11,9825,2020-08-01,2338,021411,,6,3,9,1400,0,1,2,,1,004,"US 395","ELNA RD.",7392.00,S,N,A,-,Y,,,,,,,,,,Y,2,0,1,1,A,-,01,23152,A,N,F,A,A,A,H,-,D,D,0,,,Y,,Y,Y,C,02,1,0,0,0,0,0,0,0,1,"- ","- ",37.015701293945312,-118.135498046875,INYO,UNINCORPORATED,-118.23185729980469,37.032356262207031
91291187,2020,2020-08-24,9825,2020-08-18,0920,016784,,2,1,9,1400,0,1,3,,2,016,SR-190,"SALINE VALLEY RD",4752.00,E,N,A,-,Y,,,,,,,,,,Y,2,0,2,2,A,-,08,22107,,N,D,C,A,A,H,-,A,D,0,,,Y,,Y,,C,02,1,1,0,0,0,0,0,0,2,"- ","- ",36.2218017578125,-117.36441040039062,INYO,UNINCORPORATED,-117.61266326904297,36.371578216552734
91305677,2020,2020-09-16,9825,2020-09-09,1455,017072,,3,2,9,1400,0,2,4,,2,052,"OLD SPANISH TRAIL HWY","ROSE AVE",0.00,,Y,A,-,N,,,,,,,,,,N,2,0,1,2,A,-,09,21800,A,N,B,C,A,A,H,-,A,D,0,,,Y,,Y,,A,07,1,0,0,0,0,0,0,0,1,"- ","- ",35.581798553466797,-115.53575897216797,INYO,UNINCORPORATED,-115.89951324462891,35.971900939941406
91306777,2020,2020-09-17,9825,2020-09-07,1943,020736,,1,2,9,1400,0,1,2,,1,006,US-395,"ASH CREEK ROAD",1584.00,S,N,F,-,Y,,,395,,,,,,,Y,2,0,1,3,A,-,03,22350,,N,C,C,A,A,H,-,B,D,0,,,,,Y,,A,07,1,0,0,0,0,0,0,0,0,"- ","- ",36.352840423583984,-118.02346038818359,INYO,UNINCORPORATED,-118.02337646484375,36.352848052978516
91319187,2020,2020-10-07,9825,2020-10-03,1215,017941,,6,1,9,1400,0,2,4,,2,052,"THE OLD SPANISH TRAIL HIGHWAY","TECOPA HOT SPRINGS RD",63360.00,E,N,A,-,N,,,,,,,,,,Y,2,0,1,1,A,-,08,22107,,N,F,A,A,A,H,-,A,D,0,,,Y,,Y,,C,02,1,0,0,0,0,0,0,0,1,"- ","- ",35.886581420898438,-116.06861877441406,INYO,UNINCORPORATED,,
91322746,2020,2020-10-13,9825,2020-10-12,1655,020530,,1,2,9,1400,0,3,5,,2,040,"SILVER CANYON RD",US-6,10032.00,E,N,A,-,N,,,,,,,,,,N,2,0,1,1,A,-,03,22350,,N,F,A,A,D,B,G,A,D,0,,,Y,,Y,,C,02,1,0,0,0,0,0,0,0,1,"- ","- ",37.404628753662109,-118.31817626953125,INYO,UNINCORPORATED,-118.31877899169922,37.404361724853516
91325338,2020,2020-10-16,9825,2020-10-15,1430,017072,,4,2,9,1400,0,3,5,,2,050,"WEST SIDE RD","BADWATER RD",5438.00,W,N,A,-,N,,,,,,,,,,N,2,0,1,1,A,-,08,22107,,N,F,A,A,A,H,-,A,D,0,,,Y,,Y,,C,02,1,0,0,0,0,0,0,0,1,"- ","- ",35.560798645019531,-116.43199920654297,INYO,UNINCORPORATED,-116.85432434082031,36.353191375732422
91333209,2020,2020-10-28,9825,2020-10-19,0755,015522,,1,1,9,1400,0,1,3,,1,012,SR-168,"DEATH VALLEY ROAD",14256.00,E,N,A,-,Y,,,168,,,,,,,Y,2,0,2,1,A,-,03,22350,,N,E,I,A,A,H,-,A,A,0,,,,Y,Y,,G,25,2,0,0,0,0,0,0,0,0,"- ","- ",37.216739654541016,-118.23175048828125,INYO,UNINCORPORATED,-118.23177337646484,37.216796875
91334250,2020,2020-10-29,9825,2020-10-21,2143,020118,,3,2,9,1400,0,1,3,,2,016,"SR-190 E/B","PANAMINT VALLEY ROAD",22704.00,E,N,A,-,Y,,,190,,,,,,E,Y,2,0,1,1,A,-,01,23152,A,N,E,I,A,A,H,-,D,D,0,,,,,Y,Y,D,22,1,0,0,0,0,0,0,0,0,"- ","- ",36.345169067382812,-117.34661865234375,INYO,UNINCORPORATED,-117.34662628173828,36.345207214355469
91358305,2020,2020-12-21,9825,2020-10-18,1639,20736,,7,2,9,1400,0,1,2,,1,007,US-395,"GILL STATION COSO ROAD",0.00,,Y,A,-,Y,,,395,,,,,,,Y,1,2,6,2,A,-,09,21802,A,N,D,C,A,A,H,-,A,A,0,,,,,Y,,A,07,3,2,1,0,0,0,0,0,0,"- ","- ",36.045799255371094,-117.94721221923828,INYO,UNINCORPORATED,-117.94718933105469,36.045806884765625
91358307,2020,2020-12-21,9825,2020-09-01,1742,020118,,2,2,9,1400,0,1,2,,1,007,"US-395 N/B","GILL STATION COSO ROAD",4224.00,S,N,A,-,Y,,,395,,,,,,N,Y,1,1,3,1,A,-,08,22107,,N,F,A,A,A,H,-,A,D,0,,,,,Y,,A,07,2,1,0,0,0,0,0,0,0,"- ","- ",36.03369140625,-117.94331359863281,INYO,UNINCORPORATED,-117.94332122802734,36.033687591552734
91369492,2020,2020-12-17,9825,2020-12-14,0530,017072,,1,3,9,1400,0,1,3,,2,017,SR-190,"BEATTY CUT OFF ROAD",792.00,E,N,A,-,Y,,,,,,,,,,Y,2,0,2,1,A,-,08,22107,,N,E,I,A,A,H,-,D,D,0,,,,,Y,,A,01,2,0,0,0,0,0,0,0,0,"- ","- ",36.351200103759766,-116.56269836425781,INYO,UNINCORPORATED,,
91420658,2021,2021-03-04,9825,2021-02-27,1415,017941,,6,2,9,1400,0,2,4,,2,072,"BADWATER RD","STATE ROUTE 190",95040.00,S,N,A,G,N,,,,,,,,,,Y,2,0,1,1,A,-,08,22107,,N,F,A,A,A,H,-,A,D,0,,,Y,,Y,,C,02,1,0,0,0,0,0,0,0,1,"- ","- ",36.212909698486328,-116.77371215820312,INYO,UNINCORPORATED,-116.77344512939453,36.217033386230469
91424684,2021,2021-03-10,9825,2021-03-02,1915,015522,,2,2,9,1400,0,1,2,,1,003,US-395,"KEOUGH HOT SPRINGS ROAD",11880.00,S,N,A,-,Y,,,395,,,,,,,Y,2,0,1,2,A,-,03,22350,,N,C,C,A,A,H,-,D,D,0,,,,Y,Y,,D,23,1,0,0,0,0,0,0,0,0,"- ","- ",37.228641510009766,-118.34468078613281,INYO,UNINCORPORATED,-118.34470367431641,37.228614807128906
91428217,2021,2021-03-16,9825,2021-03-06,0115,020125,,6,3,9,1400,0,1,2,,2,002,"US 395","PA HA LN.",582.00,S,N,A,-,Y,,,,,,,,,,N,2,0,2,3,A,-,11,21956,A,N,G,B,E,A,H,-,D,D,0,Y,,,,Y,Y,N,60,1,1,0,0,2,0,0,0,0,"- ","- ",37.375831604003906,-118.42709350585938,INYO,UNINCORPORATED,-118.42752075195312,37.375839233398438
91439222,2021,2021-03-30,9825,2021-03-23,1430,017072,,2,2,9,1400,0,1,3,,1,018,SR-190,"HARMONY BORAX MILL RD",729.00,W,N,G,-,Y,,,,,,,,,,N,2,0,1,1,A,-,08,22107,,N,F,A,A,A,H,-,A,D,0,,Y,,,Y,,L,04,1,0,0,0,0,0,1,0,0,"- ","- ",36.285301208496094,-116.52149963378906,INYO,UNINCORPORATED,,
91449768,2021,2021-04-13,9825,2021-04-12,0855,017035,,1,1,9,1400,0,3,5,,2,040,"WARM SPRINGS RD","A DITCH CANAL BRIDGE",10.00,E,N,A,-,N,,,,,,,,,,Y,2,0,1,1,A,-,08,22107,,N,E,I,A,A,H,-,A,D,0,,,,,Y,,A,08,1,0,0,0,0,0,0,0,0,"- ","- ",37.325248718261719,-118.37716674804688,INYO,UNINCORPORATED,,
91451480,2021,2021-04-15,9825,2021-04-13,1330,017072,,2,1,9,1400,0,3,5,,2,050,"CHINA RANCH RD","FURNACE CREEK RD",5808.00,S,N,A,-,N,,,,,,,,,,N,2,0,1,1,A,-,03,22350,,N,F,A,A,A,H,-,A,D,0,,,Y,,Y,,C,02,1,0,0,0,0,0,0,0,1,"- ","- ",35.484298706054688,-116.11160278320312,INYO,UNINCORPORATED,-116.18800354003906,35.812046051025391
91458093,2021,2021-04-26,9825,2021-04-20,1230,017072,,2,1,9,1400,0,3,5,,2,050,"ARTISTS DR","ARTIST PALLET RD",8870.00,S,N,B,-,N,,,,,,,,,,Y,2,0,1,1,A,-,08,22107,,N,F,A,A,A,H,-,A,D,0,,,Y,,Y,,C,02,1,0,0,0,0,0,0,0,1,"- ","- ",36.203601837158203,-116.47370147705078,INYO,UNINCORPORATED,-116.79396057128906,36.344467163085938
91460698,2021,2021-04-28,9825,2021-04-16,0620,016119,,5,1,9,1400,0,1,2,,2,001,"US 395","GORGE ROAD",1056.00,S,N,A,-,Y,,,,,,,,,,Y,2,0,1,1,A,-,08,22107,,N,E,I,A,A,H,-,A,D,0,,,,,Y,,A,01,1,0,0,0,0,0,0,0,0,"- ","- ",37.439739227294922,-118.50739288330078,INYO,UNINCORPORATED,-118.57175445556641,37.442920684814453
91480504,2021,2021-05-24,9825,2021-04-22,1900,018925,"Big P",4,2,9,1400,0,3,5,,2,040,"BARTELL RD","CRATER ST",0.00,,Y,A,-,N,,,,,,,,,,N,2,0,3,2,A,-,12,22450,A,F,D,C,A,A,H,-,A,D,0,,,,,Y,,A,01,3,0,0,0,0,0,0,0,0,"- ","- ",37.159061431884766,-118.28491973876953,INYO,UNINCORPORATED,-118.28497314453125,37.159000396728516
91496574,2021,2021-06-14,9825,2021-06-09,1602,020118,,3,2,9,1400,0,1,3,,2,016,SR-190,"PANAMINT VALLEY ROAD",25344.00,E,N,A,-,Y,,,190,,,,,,,Y,2,0,2,1,A,-,08,22107,,N,F,A,A,A,H,-,A,D,0,,,,,Y,,A,01,1,1,0,0,0,0,0,0,0,"- ","- ",36.348331451416016,-117.33715057373047,INYO,UNINCORPORATED,-117.33713531494141,36.348300933837891
91510314,2021,2021-06-30,9825,2021-06-18,1955,019814,,5,2,9,1400,0,1,2,,2,002,US-395,"SEE VEE LN",0.00,,Y,A,-,Y,,,395,,,,,,,Y,2,0,1,2,A,-,01,23152,A,N,D,C,A,A,H,-,A,A,0,,,,,Y,Y,A,01,1,0,0,0,0,0,0,0,0,"- ","- ",37.375850677490234,-118.41381072998047,INYO,UNINCORPORATED,-118.41381072998047,37.375816345214844
91518441,2021,2021-07-12,9825,2021-07-09,0208,020736,,5,3,9,1400,0,3,5,,2,060,"HORSESHOE MEADOWS ROAD","TUTTLE CREEK CAMPGROUND ROAD",1056.00,N,N,A,-,N,,,,,,,,,,Y,2,0,1,1,A,-,08,22107,,N,F,A,A,A,H,-,D,A,0,,,,,Y,,A,07,1,0,0,0,0,0,0,0,0,"- ","- ",36.574108123779297,-118.11139678955078,INYO,UNINCORPORATED,,
91551855,2021,2021-08-23,9825,2021-08-11,1343,020118,,3,1,9,1400,0,3,5,,2,060,"HORSESHOE MEADOW ROAD","LUBKEN CANYON RD",58080.00,W,N,A,-,N,,,,,,,,,,Y,2,0,2,1,C,-,18,,,N,G,B,A,A,H,-,A,D,0,,,,,Y,,-,"- ",1,1,0,0,0,0,0,0,0,"- ","- ",36.479999542236328,-118.10749053955078,INYO,UNINCORPORATED,-118.1051025390625,36.546840667724609
91564173,2021,2021-09-07,9825,2021-08-28,1600,017941,,6,2,9,1400,0,1,3,,1,019,"STATE ROUTE 127","STELLA LANE",528.00,S,N,A,-,Y,,,127,,,,,,,N,2,0,1,1,A,-,08,22107,,N,E,I,A,A,H,-,A,D,0,,,,,Y,,A,01,1,0,0,0,0,0,0,0,0,"- ","- ",35.958160400390625,-116.26737213134766,INYO,UNINCORPORATED,-116.26728057861328,35.958156585693359
91567622,2021,2021-09-10,9825,2021-09-01,2145,020118,,3,2,9,1400,0,3,5,,2,060,"POST STREET","LONE PINE AVE",188.00,W,N,A,-,N,,,,,,,,,,Y,2,0,1,3,A,-,08,22107,,M,E,I,A,A,H,-,C,D,0,,,,,Y,Y,A,07,1,0,0,0,0,0,0,0,0,"- ","- ",36.604301452636719,-118.06169128417969,INYO,UNINCORPORATED,-118.06198120117188,36.604381561279297
91571927,2021,2021-09-16,9825,2021-09-09,1830,017072,,4,2,9,1400,0,1,3,,2,017,SR-190,"MESQUITE DUNES PARKING LOT ENTRANCE",4752.00,E,N,B,-,Y,,,,,,,,,,Y,2,0,1,1,A,-,08,22107,,N,F,A,A,A,H,-,A,D,0,,,Y,,Y,,C,02,1,0,0,0,0,0,0,0,1,"- ","- ",36.360099792480469,-117.06004333496094,INYO,UNINCORPORATED,,
91594989,2021,2021-10-13,9825,2021-10-09,2110,020530,,6,2,9,1400,0,1,2,,2,002,"US-395 S/B","SEE VEE LN.",600.00,S,N,A,-,Y,,,395,,,,,,S,N,2,0,1,2,A,-,11,21954,A,F,G,B,D,A,H,-,D,D,0,Y,,,,Y,Y,N,60,1,0,0,0,1,0,0,0,0,"- ","- ",37.375900268554688,-118.41172027587891,INYO,UNINCORPORATED,-118.41172027587891,37.375820159912109
91597578,2021,2021-10-15,9825,2021-10-07,1820,017941,,4,2,9,1400,0,2,4,,2,052,"OLD SPANISH TRAIL HWY","EMIGRANT PASS",2640.00,W,N,A,-,N,,,,,,,,,,Y,2,0,1,1,A,-,08,22107,,N,F,A,A,A,H,-,B,D,0,,,Y,,Y,,C,02,1,0,0,0,0,0,0,0,1,"- ","- ",35.886600494384766,-116.06858825683594,INYO,UNINCORPORATED,,
91610664,2021,2021-10-29,9825,2021-10-24,1921,020183,,7,2,9,1400,0,1,3,,1,013,SR-168,"SHEPARD LN",0.00,,Y,B,-,N,,,168,,,,,,,Y,2,0,2,2,A,-,05,21460,A,N,A,C,A,A,H,-,D,D,0,,,,,Y,,A,01,2,0,0,0,0,0,0,0,0,"- ","- ",37.361171722412109,-118.44925689697266,INYO,UNINCORPORATED,-118.44925689697266,37.361240386962891
91617285,2021,2021-11-05,9825,2021-11-03,1335,020118,,3,1,9,1400,0,3,5,,2,060,"NINE MILE CANYON ROAD","US-395 SOUTHBOUND",49632.00,W,N,A,-,N,,,,,,,,,,Y,2,0,1,1,A,-,08,22107,,N,E,I,A,A,H,-,A,D,0,,,Y,,Y,,C,02,1,0,0,0,0,0,0,0,1,"- ","- ",35.856910705566406,-118.00138092041016,INYO,UNINCORPORATED,-118.00035095214844,35.855808258056641
91627394,2021,2021-11-17,9825,2021-11-15,1620,018685,,1,2,9,1400,0,1,3,,2,020,SR-178,"STEWART VALLEY RD",8976.00,W,N,A,-,Y,,,,,,,,,,Y,2,0,1,2,A,-,03,22350,,N,C,C,A,A,H,-,A,D,0,,,Y,,Y,,C,02,1,0,0,0,0,0,0,0,1,"- ","- ",,,INYO,UNINCORPORATED,,
91627428,2021,2021-11-17,9825,2021-11-07,1620,020736,,7,2,9,1400,0,1,2,,1,006,US-395,SR-190,160.00,S,N,A,-,Y,,,395,,,,,,,Y,2,0,1,1,A,-,01,23152,A,N,E,8,A,A,H,-,B,A,0,,,,Y,Y,Y,G,25,1,0,0,0,0,0,0,0,0,"- ","- ",36.281780242919922,-118.00575256347656,INYO,UNINCORPORATED,-118.00586700439453,36.281719207763672
91636500,2021,2021-11-29,9825,2021-11-21,1104,020118,,7,1,9,1400,0,1,2,,1,006,US-395,SR-190,0.00,,Y,A,-,Y,,,395,,,,,,,Y,2,0,2,2,A,-,01,23152,A,N,D,C,A,A,H,-,A,A,0,,,,,Y,Y,D,22,1,1,0,0,0,0,0,0,0,"- ","- ",36.282188415527344,-118.00611877441406,INYO,UNINCORPORATED,-118.00612640380859,36.282184600830078
91642020,2021,2021-12-03,9825,2021-11-26,1205,017941,,5,1,9,1400,0,1,3,,1,018,"STATE ROUTE 190","BLM ROAD AR441",2640.00,W,N,A,-,Y,,,190,,,,,,,Y,2,0,2,1,A,-,08,22107,,N,F,A,A,A,H,-,A,A,0,,,,,Y,,A,01,1,1,0,0,0,0,0,0,0,"- ","- ",36.367210388183594,-116.65733337402344,INYO,UNINCORPORATED,-116.65729522705078,36.36724853515625
91642374,2021,2021-12-06,9825,2021-10-22,2230,020736,,5,3,9,1400,0,2,4,,2,077,"PANAMINT VALLEY ROAD",SR-190,22176.00,S,N,A,-,N,,,,,,,,,,N,1,1,0,1,C,-,18,,,N,H,A,A,A,H,-,D,D,0,,,,,Y,Y,-,"- ",0,0,0,0,0,0,0,0,0,"- ","- ",36.293098449707031,-117.38359069824219,INYO,UNINCORPORATED,-117.38052368164062,36.289791107177734
91646851,2021,2021-12-08,9825,2021-11-24,1735,022652,,3,2,9,1400,0,1,2,,1,006,US-395,"ASH CREEK RD",14256.00,S,N,A,-,Y,,,395,,,,,,,Y,2,0,1,2,A,-,06,21751,,N,A,C,A,A,H,-,B,D,0,,,,,Y,,D,22,1,0,0,0,0,0,0,0,0,"- ","- ",36.368549346923828,-118.02378082275391,INYO,UNINCORPORATED,-118.02378082275391,36.368549346923828
91688729,2022,2022-01-28,9825,2022-01-08,1200,018925,,6,1,9,1400,0,1,3,,2,017,SR-190,"EMIGRANT CANYON RD.",5280.00,E,N,A,-,Y,INY,,190,,,77.612,H,,R,Y,1,1,0,1,A,-,08,22107,,N,F,A,A,A,H,-,A,D,0,,,Y,,Y,,C,02,0,0,0,0,0,0,0,1,0,"- ","- ",36.510429382324219,-117.22402191162109,INYO,UNINCORPORATED,-117.22405242919922,36.510433197021484
91702482,2022,2022-02-16,9825,2022-02-06,1310,018441,,7,1,2,1401,0,1,2,,1,004,US-395,"TRAVEL PLAZA DRIVEWAY",0.00,,Y,A,-,Y,,,,,,,,,,Y,2,0,1,2,A,-,09,21802,A,N,D,C,A,A,H,-,A,B,0,,,,,Y,,A,01,1,0,0,0,0,0,0,0,0,"- ","- ",37.83660888671875,-118.22869110107422,INYO,BISHOP,,
91711516,2022,2022-02-28,9825,2022-02-27,1712,018685,,7,2,9,1400,0,1,3,,2,020,SR-178,"CHICAGO VALLEY RD",46464.00,E,N,A,-,Y,,,,,,,,,,Y,2,0,1,1,A,-,08,22107,,N,F,A,A,A,H,-,A,D,0,,,,,Y,,A,01,1,0,0,0,0,0,0,0,0,"- ","- ",,,INYO,UNINCORPORATED,-116.17574310302734,36.126358032226562
91724123,2022,2022-03-16,9825,2022-02-10,1100,017941,,4,1,9,1400,0,1,3,,2,017,"STATE ROUTE 190","EMIGRANT CANYON ROAD",31152.00,W,N,A,-,Y,INY,,190,,,70.497,H,,R,Y,1,1,1,1,A,-,08,22107,,N,E,I,A,A,H,-,A,D,0,,,,,Y,,A,01,1,0,0,0,0,0,0,0,0,"- ","- ",36.419769287109375,-117.26844024658203,INYO,UNINCORPORATED,-117.26844024658203,36.419773101806641
91742409,2022,2022-04-06,9825,2022-04-03,1105,018685,,7,1,9,1400,0,1,3,,1,018,SR-190,"DANTE'S VIEW RD",5280.00,W,N,A,-,Y,INY,,190,,,121.580,H,,R,Y,2,0,1,1,A,-,08,22107,,N,F,A,A,A,H,-,A,D,0,,,Y,,Y,,C,02,1,0,0,0,0,0,0,0,1,"- ","- ",36.365638732910156,-116.72528076171875,INYO,UNINCORPORATED,-116.72522735595703,36.365718841552734
91746644,2022,2022-04-12,9825,2022-02-19,1924,020736,,6,2,9,1400,0,1,2,,1,007,"US-395 NORTHBOUND","GILL STATION COSO ROAD",0.00,,Y,A,-,Y,INY,,395,,R,17.877,H,,R,Y,1,2,0,2,A,-,12,22450,A,N,D,C,A,A,H,-,C,A,0,,,,Y,Y,,A,01,0,0,0,0,0,0,0,0,0,"- ","- ",36.045928955078125,-117.94732666015625,INYO,UNINCORPORATED,-117.94723510742188,36.045951843261719
91773243,2022,2022-08-23,9825,2022-03-23,2057,022652,,3,2,9,1400,0,1,2,,1,006,US-395,"ASH CREEK BRIDGE",5280.00,S,N,A,-,Y,INY,,395,,,40.947,H,,R,Y,1,1,0,2,A,-,08,22107,,N,A,C,A,A,H,-,D,D,0,,,,Y,Y,,F,26,0,0,0,0,0,0,0,0,0,"- ","- ",36.367568969726562,-118.02375793457031,INYO,UNINCORPORATED,-118.02376556396484,36.367568969726562
91789325,2022,2022-06-06,9825,2022-05-27,1213,020118,,5,1,9,1400,0,1,3,,1,015,SR-136,"W. DOLOMITE ROAD",1584.00,E,N,A,-,Y,INY,,136,,,3.794,H,,R,Y,2,0,1,1,A,-,01,23152,A,N,F,A,A,A,H,-,A,D,0,,,,,Y,Y,D,22,1,0,0,0,0,0,0,0,0,"- ","- ",36.572151184082031,-117.99118804931641,INYO,UNINCORPORATED,-117.9912109375,36.572120666503906