CASE_ID,ACCIDENT_YEAR,PROC_DATE,JURIS,COLLISION_DATE,COLLISION_TIME,OFFICER_ID,REPORTING_DISTRICT,DAY_OF_WEEK,CHP_SHIFT,POPULATION,CNTY_CITY_LOC,SPECIAL_COND,BEAT_TYPE,CHP_BEAT_TYPE,CITY_DIVISION_LAPD,CHP_BEAT_CLASS,BEAT_NUMBER,PRIMARY_RD,SECONDARY_RD,DISTANCE,DIRECTION,INTERSECTION,WEATHER_1,WEATHER_2,STATE_HWY_IND,CALTRANS_COUNTY,CALTRANS_DISTRICT,STATE_ROUTE,ROUTE_SUFFIX,POSTMILE_PREFIX,POSTMILE,LOCATION_TYPE,RAMP_INTERSECTION,SIDE_OF_HWY,TOW_AWAY,COLLISION_SEVERITY,NUMBER_KILLED,NUMBER_INJURED,PARTY_COUNT,PRIMARY_COLL_FACTOR,PCF_CODE_OF_VIOL,PCF_VIOL_CATEGORY,PCF_VIOLATION,PCF_VIOL_SUBSECTION,HIT_AND_RUN,TYPE_OF_COLLISION,MVIW,PED_ACTION,ROAD_SURFACE,ROAD_COND_1,ROAD_COND_2,LIGHTING,CONTROL_DEVICE,CHP_ROAD_TYPE,PEDESTRIAN_ACCIDENT,BICYCLE_ACCIDENT,MOTORCYCLE_ACCIDENT,TRUCK_ACCIDENT,NOT_PRIVATE_PROPERTY,ALCOHOL_INVOLVED,STWD_VEHTYPE_AT_FAULT,CHP_VEHTYPE_AT_FAULT,COUNT_SEVERE_INJ,COUNT_VISIBLE_INJ,COUNT_COMPLAINT_PAIN,COUNT_PED_KILLED,COUNT_PED_INJURED,COUNT_BICYCLIST_KILLED,COUNT_BICYCLIST_INJURED,COUNT_MC_KILLED,COUNT_MC_INJURED,PRIMARY_RAMP,SECONDARY_RAMP,LATITUDE,LONGITUDE,COUNTY,CITY,POINT_X,POINT_Y
91792722,2022,2022-06-10,9825,2022-06-02,1132,018925,,4,1,9,1400,0,1,2,,1,007,"S/B US-395","CINDER RD",550.00,N,N,A,-,Y,INY,,395,,R,13.072,H,,L,Y,2,0,1,1,C,-,18,,,N,F,A,A,A,H,-,A,D,0,,,Y,,Y,,-,"- ",1,0,0,0,0,0,0,0,1,"- ","- ",35.979061126708984,-117.92462921142578,INYO,UNINCORPORATED,-117.92472076416016,35.979034423828125
91815187,2022,2022-07-12,9825,2022-07-11,0514,020118,,1,3,9,1400,0,1,2,,1,007,"N/B US-395","GILL STATION COSO ROAD",14256.00,S,N,A,-,Y,INY,,395,,R,15.082,H,,R,Y,2,0,1,1,A,-,08,22107,,N,F,0,A,A,H,-,D,D,0,,,,,Y,,D,22,1,0,0,0,0,0,0,0,0,"- ","- ",36.006610870361328,-117.93486022949219,INYO,UNINCORPORATED,-117.93476867675781,36.006629943847656
91840302,2022,2022-08-15,9825,2022-08-06,1800,017941,,6,2,9,1400,0,1,3,,1,019,"STATE ROUTE 127","STELLA ROAD",8448.00,S,N,A,-,Y,INY,,127,,,12.155,H,,R,Y,2,0,2,1,A,-,08,22107,,N,F,A,A,A,H,-,A,D,0,,,,,Y,,A,07,1,1,0,0,0,0,0,0,0,"- ","- ",35.936130523681641,-116.26883697509766,INYO,UNINCORPORATED,-116.26889038085938,35.936126708984375
91852455,2022,2023-02-17,9825,2022-08-08,1917,020183,,1,2,9,1400,0,3,5,,2,060,"TUTTLE CREEK RD","WHITNEY PORTAL RD",372.20,S,N,B,-,N,,,,,,,,,,N,1,1,0,1,A,-,03,22350,,N,E,I,A,A,H,-,A,D,0,,Y,,,Y,,-,"- ",0,0,0,0,0,1,0,0,0,"- ","- ",36.600978851318359,-118.07106781005859,INYO,UNINCORPORATED,-118.07108306884766,36.601036071777344
91870006,2022,2022-09-21,9825,2022-09-17,1130,023021,,6,1,9,1400,0,1,3,,1,013,SR-168,"DEEP SPRING RANCH ROAD",29040.00,E,N,A,-,Y,INY,,168,,,47.906,H,,R,N,2,0,1,1,A,-,03,22350,,N,F,A,A,A,B,-,A,D,0,,,Y,,Y,,C,02,1,0,0,0,0,0,0,0,1,"- ","- ",37.415031433105469,-117.96527099609375,INYO,UNINCORPORATED,-117.96525573730469,37.415042877197266
91911598,2022,2022-11-07,9825,2022-11-06,0935,018685,,7,1,9,1400,0,1,3,,1,019,SR-127,"STATELINE ROAD",39072.00,S,N,A,-,Y,INY,,127,,,34.607,H,,R,Y,2,0,1,1,A,-,08,22107,,N,F,A,A,A,H,-,A,D,0,,,Y,,Y,,C,02,1,0,0,0,0,0,0,0,1,"- ","- ",36.210670471191406,-116.39498138427734,INYO,UNINCORPORATED,-116.39496612548828,36.210735321044922
91943650,2022,2022-12-15,9825,2022-02-20,1956,020736,,7,2,9,1400,0,1,2,,1,006,US-395,"SIERRA STREET",4224.00,N,N,B,-,Y,INY,,395,,,38.955,H,,R,Y,1,1,0,1,A,-,01,23152,G,N,E,8,A,A,H,-,D,D,0,,,,,Y,Y,D,23,0,0,0,0,0,0,0,0,0,"- ","- ",36.339038848876953,-118.02056121826172,INYO,UNINCORPORATED,-118.02062225341797,36.339035034179688
91951470,2022,2022-12-23,9825,2022-12-16,1510,020183,,5,2,9,1400,0,2,4,,2,078,"TRONA WILDROSE RD","INDIAN RANCH RD",8448.00,S,N,A,-,N,,,,,,,,,,Y,2,0,2,1,A,-,03,22350,,N,F,J,A,A,H,-,A,D,0,,,,,Y,,A,01,2,0,0,0,0,0,0,0,0,"- ","- ",36.139999389648438,-117.29596710205078,INYO,UNINCORPORATED,-117.29603576660156,36.140716552734375
91966723,2023,2023-03-07,9825,2023-01-09,1603,020183,,1,2,9,1400,0,1,2,,1,005,US-395,"MAZOURKA CANYON ROAD",43.90,N,N,C,-,Y,INY,,395," "," ",73.025,H,,R,Y,2,0,1,3,A,-,01,23152,F,N,E,2,A,B,H,-,A,D,0,,,,,Y,,A,01,1,0,0,0,0,0,0,0,0,"- ","- ",36.797359466552734,-118.19622802734375,INYO,UNINCORPORATED,-118.1964111328125,36.797286987304688
91990622,2023,2023-02-09,9825,2023-02-04,1635,018685,,6,2,9,1400,0,3,5,,2,050,"MESQUITE VALLEY ROAD","OLD SPANISH TRAIL HIGHWAY",2112.00,S,N,A,-,N,,,,,,,,,,Y,2,0,2,1,A,-,03,22350,,N,F,A,A,A,H,-,A,D,0,,,Y,,Y,,C,06,2,0,0,0,0,0,0,0,2,"- ","- ",35.890251159667969,-116.02046966552734,INYO,UNINCORPORATED,-115.99446105957031,35.96612548828125
92038860,2023,2023-06-13,9825,2023-02-13,"215 ",020118,,1,3,9,1400,0,3,5,,2,060,"TUTTLE CREEK ROAD","LUBKEN CANYON ROAD",0.00,,Y,A,-,N,,,,,,,,,,Y,1,1,0,1,A,-,01,23152,A,N,E,I,A,A,H,-,D,A,0,,,,,Y,Y,A,01,0,0,0,0,0,0,0,0,0,"- ","- ",36.546798706054688,-118.09825134277344,INYO,UNINCORPORATED,-118.09835052490234,36.546840667724609
92047541,2023,2023-11-16,9825,2023-04-14,"134 ",022757,,5,3,9,1400,0,3,5,,2,040,"BIR ROAD","BARLOW LANE",528.00,E,N,A,-,N,,,,,,,,,,Y,2,0,2,1,A,-,01,23152,A,N,F,A,A,A,H,-,D,D,0,,,,,Y,Y,A,01,1,1,0,0,0,0,0,0,0,"- ","- ",37.336669921875,-118.42394256591797,INYO,UNINCORPORATED,-118.42291259765625,37.338050842285156
92067977,2023,2023-05-12,9825,2023-04-29,1435,020736,,6,2,9,1400,0,3,5,,2,060,"9 MILE CANYON ROAD",US-395,42240.00,W,N,A,-,N,,,,,,,,,,Y,2,0,1,1,A,-,08,22107,,N,F,A,A,A,H,-,A,A,0,,,Y,,Y,,C,02,1,0,0,0,0,0,0,0,1,"- ","- ",35.854511260986328,-117.98155212402344,INYO,UNINCORPORATED,,
92125688,2023,2023-07-25,9825,2023-07-20,"810 ",023336,,4,1,9,1400,0,3,5,,2,040,"SUNLAND DR","SCHOBER LN",0.00,,Y,A,-,N,,,,,,,,,,Y,2,0,2,2,A,-,05,21460,A,N,A,C,A,A,H,-,A,D,0,,,,,Y,,A,07,1,1,0,0,0,0,0,0,0,"- ","- ",37.346611022949219,-118.404541015625,INYO,UNINCORPORATED,-118.40452575683594,37.34674072265625
92132898,2023,2023-08-01,9825,2023-07-26,1255,023336,,3,1,9,1400,0,1,2,,1,003,"US 395 S/B","SUNLAND INDIAN RESERVATION RD",223.00,N,N,A,-,Y,INY,,395," "," ",113.418,H,,L,N,2,0,1,1,C,-,18,,,N,F,A,A,A,H,-,A,D,0,,,Y,,Y,,-,"- ",1,0,0,0,0,0,0,0,1,"- ","- ",37.332931518554688,-118.39505767822266,INYO,UNINCORPORATED,-118.39501190185547,37.332939147949219
92145274,2023,2023-08-16,9825,2023-07-30,1925,023021,,7,2,9,1400,0,3,5,,2,040,"CROCKER AVE","N SCHOOL STREET",0.00,,Y,A,-,N,,,,,,,,,,N,2,0,1,2,A,-,12,21453,A,N,D,C,A,A,H,-,A,D,0,,,,,Y,,D,22,1,0,0,0,0,0,0,0,0,"- ","- ",37.166110992431641,-118.29405212402344,INYO,UNINCORPORATED,-118.29402160644531,37.1661376953125
92164840,2023,2023-09-07,9825,2023-08-30,"955 ",020118,,3,1,9,1400,0,1,3,,1,015,SR-136,"MALONE STREET",5280.00,W,N,A,-,Y,INY,,136," "," ",11.680,H,,R,Y,2,0,1,1,A,-,08,22107,,N,E,8,A,A,H,-,A,D,0,,,,Y,Y,,F,27,1,0,0,0,0,0,0,0,0,"- ","- ",36.501579284667969,-117.88398742675781,INYO,UNINCORPORATED,-117.88396453857422,36.501598358154297
92166043,2023,2023-09-08,9825,2023-08-26,2240,020736,,6,3,9,1400,0,2,4,,2,078,"SR-178/TRONA WILDROSE ROAD","TRONA AIRPORT RD",2650.00,S,N,A,-,N,,,,,,,,,,Y,2,0,1,1,A,-,08,22107,,N,F,A,A,A,G,-,D,D,0,,,,,Y,Y,-,"- ",1,0,0,0,0,0,0,0,0,"- ","- ",35.810798645019531,-117.34416961669922,INYO,UNINCORPORATED,-117.34412384033203,35.811023712158203
92167477,2023,2023-09-11,9825,2023-07-22,1930,020736,,6,2,9,1400,0,1,3,,2,017,SR-190,"EMIGRANT CANYON ROAD",23074.00,E,N,A,-,Y,INY,,190," "," ",80.972,H,,R,Y,1,1,0,1,A,-,08,22107,,N,F,A,A,A,H,-,B,D,0,,,,,Y,,A,01,0,0,0,0,0,0,0,0,0,"- ","- ",36.555019378662109,-117.20446014404297,INYO,UNINCORPORATED,-117.20444488525391,36.555015563964844
92237178,2023,2023-11-15,9825,2023-11-05,"955 ",020118,,7,1,9,1400,0,1,3,,2,016,SR-190,"PANAMINT VALLEY ROAD",25872.00,E,N,A,-,Y,INY,,190," "," ",62.899,H,,R,Y,2,0,1,1,A,-,08,22107,,N,E,8,A,A,H,-,A,D,0,,,,Y,Y,,G,25,1,0,0,0,0,0,0,0,0,"- ","- ",36.348499298095703,-117.33689880371094,INYO,UNINCORPORATED,-117.33686828613281,36.348442077636719
92249549,2023,2023-11-30,9825,2023-10-29,1350,020736,,7,1,9,1400,0,1,2,,1,007,"US-395 NORTHBOUND","GILL STATION/COSO ROAD",0.00,,Y,A,-,Y,INY,,395," ",R,17.867,H,,R,Y,1,2,0,2,A,-,09,21802,A,N,D,C,A,A,H,-,A,A,0,,,,Y,Y,,A,01,0,0,0,0,0,0,0,0,0,"- ","- ",36.045810699462891,-117.94721221923828,INYO,UNINCORPORATED,-117.94718933105469,36.045814514160156
92267619,2023,2023-12-20,9825,2023-12-04,2201,018685,,1,3,9,1400,0,1,3,,1,018,SR-190,"BADWATER RD",2112.00,W,N,A,-,Y,INY,,190," "," ",111.277,H,,R,Y,2,0,1,1,A,-,08,22107,,N,E,I,A,A,H,-,D,D,0,,,,,Y,Y,D,22,1,0,0,0,0,0,0,0,0,"- ","- ",36.450130462646484,-116.86022186279297,INYO,UNINCORPORATED,-116.86017608642578,36.450191497802734
92280275,2023,2024-01-05,9825,2023-12-29,1345,020736,,5,1,9,1400,0,1,2,,1,007,"S/B US-395","PEARSON ROAD",132000.00,N,N,A,-,Y,INY,,395," ",R,1.446,H,,L,Y,2,0,3,1,A,-,08,22107,,N,E,I,A,A,H,-,A,D,0,,,,,Y,,D,22,1,2,0,0,0,0,0,0,0,"- ","- ",35.819301605224609,-117.87416839599609,INYO,UNINCORPORATED,-117.87406921386719,35.819301605224609
92284231,2023,2024-01-10,9825,2023-12-31,1413,020736,,7,2,9,1400,0,2,4,,2,022,"WHITNEY PORTAL RD","HORSESHOE MEADOWS RD",5016.00,W,N,A,-,N,,,,,,,,,,N,2,0,1,2,A,-,05,21460,A,F,B,C,A,A,H,-,A,A,0,,,,,Y,,D,22,1,0,0,0,0,0,0,0,0,"- ","- ",36.593940734863281,-118.13289642333984,INYO,UNINCORPORATED,-118.13282012939453,36.594009399414062
92325621,2023,2024-02-28,9825,2023-09-15,1959,020736,,5,2,9,1400,0,1,2,,1,005,"US-395/EDWARDS STREET","PAVILLION STREET",15.00,N,N,A,-,Y,INY,,395," "," ",73.224,H,,R,N,1,1,0,2,A,-,10,21950,A,N,G,B,D,A,H,-,C,D,0,Y,,,,Y,,B,07,0,0,0,1,0,0,0,0,0,"- ","- ",36.799831390380859,-118.19792938232422,INYO,UNINCORPORATED,-118.19797515869141,36.799812316894531
92358893,2024,2024-04-08,9825,2024-03-19,"30  ",023336,,2,3,9,1400,0,1,3,,1,012,SR-168E,"MPM 25.50",1685.00,W,N,A,-,N,,,,,,,,,,Y,2,0,4,1,A,-,01,23152,A,N,F,I,A,A,H,-,D,D,0,,,,,Y,Y,D,22,2,2,0,0,0,0,0,0,0,"- ","- ",37.232448577880859,-118.20574951171875,INYO,UNINCORPORATED,-118.20571899414062,37.232433319091797
92365910,2024,2024-04-16,9825,2024-04-12,1500,022014,,5,2,9,1400,0,3,5,,2,040,"NORTH ROUND VALLEY ROAD","PINE CREEK ROAD",835.00,N,N,A,-,N,,,,,,,,,,N,2,0,1,1,A,-,08,22107,,N,B,I,A,A,H,-,A,D,0,,,Y,,Y,,C,02,1,0,0,0,0,0,0,0,1,"- ","- ",37.421459197998047,-118.58840942382812,INYO,UNINCORPORATED,-118.58845520019531,37.421379089355469
92378873,2024,2024-04-30,9825,2024-04-22,1530,021622,,1,2,9,1400,0,2,4,,2,078,"SR-178 N/B (TRONA WILDROSE ROAD)","BALLARAT ROAD",2534.00,N,N,A,-,N,,,,,,,,,,N,2,0,1,1,C,-,18,,,N,H,A,A,A,H,-,A,D,0,,,Y,,Y,,-,"- ",1,0,0,0,0,0,0,0,1,"- ","- ",36.040721893310547,-117.28012847900391,INYO,UNINCORPORATED,,
92395334,2024,2024-05-21,9825,2024-02-24,1500,020736,,6,2,9,1400,0,1,3,,2,020,SR-178,"NEVADA STATE LINE",10296.00,W,N,A,-,Y,INY,,178," "," ",60.250,H,,R,Y,1,1,1,1,A,-,03,22350,,N,E,8,A,A,H,-,A,A,0,,,Y,,Y,,C,02,1,0,0,0,0,0,0,1,1,"- ","- ",36.160251617431641,-116.14193725585938,INYO,UNINCORPORATED,-116.14192199707031,36.160213470458984
92395445,2024,2024-05-21,9825,2024-05-11,"5   ",023336,T804,6,3,9,1400,0,2,4,,2,021,"WINUBA LANE","DIAZ LANE",110.00,N,N,B,-,N,,,,,,,,,,Y,2,0,1,1,A,-,01,23152,A,N,F,0,A,A,H,-,C,D,0,,,,,Y,Y,A,01,1,0,0,0,0,0,0,0,0,"- ","- ",37.368820190429688,-118.42974853515625,INYO,UNINCORPORATED,-118.42980194091797,37.368751525878906
92433339,2024,2024-07-08,9825,2024-05-26,"713 ",023602,,7,1,9,1400,0,1,3,,1,018,SR-190,"20 MULE TEAM CANYON ROAD",16896.00,E,N,A,-,Y,INY,,190," "," ",119.804,H,,R,Y,1,1,0,1,A,-,08,22107,,N,E,8,A,A,H,-,A,D,0,,,,,Y,,A,01,0,0,0,0,0,0,0,0,0,"- ","- ",36.385471343994141,-116.74478912353516,INYO,UNINCORPORATED,-116.74480438232422,36.385444641113281
9312368,2021,2021-09-17,1401,2021-05-29,1156,489,0100,6,5,2,1401,0,0,0,,0,,"WYE RD","RT 6",0.00,,Y,A,-,Y,INY,9,6,-,-,0.130,I,5,N,N,2,0,3,3,A,-,09,21802,A,N,D,C,A,A,H,-,A,A,0,,,,,Y,,A,07,1,2,0,0,0,0,0,0,0,"- ","- ",,,INYO,BISHOP,-118.39534759521484,37.375804901123047
9317662,2020,2021-09-14,1401,2020-11-09,1000,1494,,1,5,2,1401,0,0,0,,0,,"W ELM ST","SCHLEY ST",0.00,,Y,A,-,N,,,,,,,,,,N,2,0,1,2,A,-,12,22450,A,N,H,B,D,A,H,-,A,A,0,Y,,,,Y,,D,22,1,0,0,0,1,0,0,0,0,"- ","- ",37.365379333496094,-118.39919281005859,INYO,BISHOP,-118.39914703369141,37.365379333496094
9325770,2021,2021-10-04,1401,2021-08-29,1525,1494,100,7,5,2,1401,0,0,0,,0,100,"NORTH MAIN","HORACE ALBRIGHT AV",0.00,,Y,A,-,N,,,,,,,,,,N,2,0,1,2,A,-,10,21950,,N,G,B,B,A,H,-,A,A,0,Y,,,,Y,,D,22,1,0,0,0,1,0,0,0,0,"- ","- ",37.368080139160156,-118.39433288574219,INYO,BISHOP,,
93744430,2024,2024-08-06,9825,2024-07-27,1011,023602,,6,1,9,1400,0,1,3,,2,017,SR-190,"WILDROSE RD",29040.00,W,N,A,-,Y,INY,,190," "," ",70.757,H,,R,Y,2,0,1,1,A,-,03,22350,,N,E,8,A,A,H,-,A,D,0,,,Y,,Y,,C,02,1,0,0,0,0,0,0,0,1,"- ","- ",36.422119140625,-117.26583862304688,INYO,UNINCORPORATED,-117.26590728759766,36.422115325927734
93857671,2024,2024-08-08,9825,2024-07-29,2305,022520,,1,3,9,1400,0,1,2,,1,006,"US-395 N/B","BARTLET RD",1045.00,N,N,A,-,N,,,,,,,,,,Y,2,0,1,1,A,-,08,22107,,N,F,I,A,A,H,-,D,D,0,,,,,Y,,A,01,1,0,0,0,0,0,0,0,0,"- ","- ",36.485771179199219,-118.03443908691406,INYO,UNINCORPORATED,-118.03437805175781,36.485649108886719
94371096,2024,2024-08-27,9825,2024-07-31,1810,024003,,3,2,2,1401,0,1,2,,2,001,US-395,"BROCKMAN LANE",0.00,,Y,B,-,Y,INY,,395," "," ",118.322,H,,R,Y,2,0,1,2,A,-,09,21804,A,F,D,2,A,A,H,-,B,A,0,,,,,Y,,A,07,1,0,0,0,0,0,0,0,0,"- ","- ",37.375759124755859,-118.43199157714844,INYO,BISHOP,-118.43198394775391,37.37591552734375
94382636,2024,2025-04-03,9825,2024-08-09,1955,023336,,5,2,9,1400,0,1,2,,1,007,"US-395 S/B","LITTLE LAKE ROAD",1584.00,N,N,A,-,Y,INY,,395," "," ",9.957,H,,L,Y,1,1,0,1,A,-,03,22350,,N,F,A,A,A,H,-,B,D,0,,,,,Y,,A,01,0,0,0,0,0,0,0,0,0,"- ","- ",35.936561584472656,-117.90602111816406,INYO,UNINCORPORATED,-117.90596771240234,35.936557769775391
94441150,2024,2024-10-22,9825,2024-08-30,1906,020736,,5,2,9,1400,0,1,2,,1,006,"SOUTHBOUND US-395","LUBKEN CANYON RD",31.00,N,N,A,-,Y,INY,,395," "," ",53.286,H,,L,Y,1,1,0,2,A,-,09,21801,A,N,B,G,A,A,H,-,A,D,0,,Y,,Y,Y,,L,04,0,0,0,0,0,1,0,0,0,"- ","- ",36.543159484863281,-118.04752349853516,INYO,UNINCORPORATED,-118.04753875732422,36.543159484863281
94489459,2024,2024-12-27,9825,2024-11-28,1642,023872,,4,2,9,1400,0,3,5,,2,040,"COUNTY ROAD","REYNOLDS ROAD",6336.00,N,N,A,-,N,,,,,,,,,,Y,1,1,1,1,A,-,01,23152,A,N,F,0,A,A,H,-,B,D,0,,,,,Y,Y,A,07,0,1,0,0,0,0,0,0,0,"- ","- ",37.187679290771484,-118.32122039794922,INYO,UNINCORPORATED,-118.32054138183594,37.187427520751953
94502434,2024,2024-12-13,9825,2024-11-30,1335,020736,,6,1,9,1400,0,2,4,,2,077,"PANAMINT VALLEY ROAD","MINIETTA ROAD",14995.00,S,N,A,-,N,,,,,,,,,,Y,2,0,1,1,A,-,08,22107,,N,F,A,A,A,H,-,A,D,0,,,,,Y,,D,22,1,0,0,0,0,0,0,0,0,"- ","- ",36.209648132324219,-117.33856964111328,INYO,UNINCORPORATED,-117.33866882324219,36.209728240966797
94535769,2024,2025-01-13,9825,2024-12-29,1017,020736,,7,1,9,1400,0,1,3,,2,016,SR-190,"LAVA LAKE ROAD",670.00,E,N,A,-,Y,INY,,190," "," ",14.755,H,,R,Y,2,0,2,1,A,-,08,22107,,N,E,I,A,A,H,-,A,D,0,,,,,Y,,D,22,2,0,0,0,0,0,0,0,0,"- ","- ",36.326560974121094,-117.94264984130859,INYO,UNINCORPORATED,-117.94263458251953,36.326545715332031
94549227,2025,2025-01-24,9825,2025-01-18,"6   ",018685,,6,3,9,1400,0,1,3,,1,018,SR-190,"BADWATER ROAD",1374.00,E,N,A,-,Y,INY,,190," "," ",112.007,H,,R,Y,2,0,4,1,A,-,08,22107,,N,F,A,A,A,H,-,D,D,0,,,,,Y,,A,07,2,1,1,0,0,0,0,0,0,"- ","- ",36.451290130615234,-116.84942626953125,INYO,UNINCORPORATED,-116.84937286376953,36.451225280761719
94586361,2025,2025-05-09,9825,2025-02-07,1347,020736,,5,1,9,1400,0,1,2,,1,007,"S/B US-395","WALKER CREEK ROAD",2180.00,S,N,G,-,Y,,,,,,,,,,Y,2,0,1,1,A,-,03,22350,,N,F,A,A,A,H,-,A,A,0,,,,Y,Y,,G,25,1,0,0,0,0,0,0,0,0,"- ","- ",36.251800537109375,-118.00389862060547,INYO,UNINCORPORATED,-117.99291229248047,36.254749298095703
94611286,2025,2025-03-19,9825,2025-03-07,1533,023986,,5,2,9,1400,0,3,5,,2,040,"SCHOBER LANE","SUNLAND DRIVE",0.00,,Y,A,-,N,,,,,,,,,,Y,2,0,3,2,A,-,09,21802,A,N,D,2,A,A,H,-,A,A,0,,,,,Y,,A,07,1,2,0,0,0,0,0,0,0,"- ","- ",37.346759796142578,-118.404541015625,INYO,UNINCORPORATED,-118.40452575683594,37.34674072265625
94627386,2025,2025-03-26,9825,2025-03-19,2015,018685,,3,2,9,1400,0,2,4,,2,052,"OLD SPANISH TRAIL HWY","FURNACE CREEK RD",34320.00,E,N,A,-,N,,,,,,,,,,Y,2,0,1,1,A,-,08,22107,,N,F,A,A,A,H,-,D,D,0,,,,,Y,,A,08,1,0,0,0,0,0,0,0,0,"- ","- ",35.8909912109375,-116.10131072998047,INYO,UNINCORPORATED,-116.10759735107422,35.888626098632812
94646665,2025,2025-04-11,9825,2025-04-02,2300,017941,,3,3,9,1400,0,2,4,,2,052,"THE OLD SPANISH TRAIL HIGHWAY","FURNACE CREEK WASH ROAD",12144.00,E,N,A,-,Y,,,,,,,,,,Y,2,0,1,1,A,-,08,22107,,N,F,A,A,A,H,-,D,D,0,,,,,Y,,A,07,1,0,0,0,0,0,0,0,0,"- ","- ",35.864521026611328,-116.17018127441406,INYO,UNINCORPORATED,-116.17404174804688,35.862411499023438
94707713,2025,2025-05-30,9825,2025-04-29,"945 ",017941,,2,1,9,1400,0,1,3,,2,020,"STATE ROUTE 178","STATE ROUTE 127",9504.00,E,N,A,-,Y,INY,,178," "," ",44.800,H,,R,Y,1,1,0,1,A,-,08,22107,,N,F,A,A,A,H,-,A,D,0,,,,,Y,Y,A,01,0,0,0,0,0,0,0,0,0,"- ","- ",35.9835205078125,-116.24629974365234,INYO,UNINCORPORATED,-116.24625396728516,35.983505249023438
94742679,2025,2025-06-27,9825,2025-05-10,1000,017941,,6,1,9,1400,0,1,3,,1,019,"STATE ROUTE 127","STATE ROUTE 178 WEST",1056.00,S,N,A,-,Y,INY,,127," "," ",16.166,H,,R,Y,1,1,1,2,A,-,08,22107,,N,A,C,A,A,H,-,A,D,0,,,Y,,Y,,C,02,0,1,0,0,0,0,0,1,0,"- ","- ",35.992988586425781,-116.27346801757812,INYO,UNINCORPORATED,-116.27350616455078,35.992996215820312
94746646,2025,2025-07-07,9825,2025-06-25,1305,017941,,3,1,9,1400,0,1,3,,2,020,"STATE ROUTE 178","THE NEVADA STATE LINE",16896.00,W,N,A,-,Y,INY,,178," "," ",59.120,H,,R,Y,2,0,1,1,A,-,08,22107,,N,E,I,A,A,H,-,A,D,0,,,,,Y,,A,01,1,0,0,0,0,0,0,0,0,"- ","- ",36.151248931884766,-116.15882873535156,INYO,UNINCORPORATED,-116.15879821777344,36.151210784912109
94768309,2025,2025-07-18,9825,2025-03-31,1804,020736,,1,2,9,1400,0,1,2,,1,007,"S/B US-395","WALKER CREEK ROAD",4400.00,N,N,C,G,Y,,,,,,,,,,Y,1,1,0,1,A,-,03,22350,,N,F,A,A,B,D,-,B,A,0,,,,Y,Y,,G,25,0,0,0,0,0,0,0,0,0,"- ","- ",36.266269683837891,-118.01609802246094,INYO,UNINCORPORATED,-118.00099182128906,36.271556854248047
9539354,2022,2023-01-18,1401,2022-08-28,0655,1516,0100,7,5,2,1401,0,0,0,,0,,"LAGOON ST","FULTON ST",0.00,,Y,A,-,N,,,,,,,,,,Y,2,0,1,1,A,-,01,23152,A,N,F,I,A,A,H,-,A,D,0,,,,,Y,Y,A,07,1,0,0,0,0,0,0,0,0,"- ","- ",,,INYO,BISHOP,-118.39937591552734,37.359817504882812
9601172,2023,2023-08-18,1401,2023-06-26,2133,608,0100,1,5,2,1401,0,0,0,,0,,"RT 6","WYE RD",0.00,,Y,A,-,Y,INY,9,6,-,-,0.130,I,5,N,Y,2,0,1,2,A,-,08,22100,5,N,D,C,A,A,H,-,C,D,0,,,Y,,Y,,A,07,1,0,0,0,0,0,0,0,1,"- ","- ",37.375801086425781,-118.39534759521484,INYO,BISHOP,-118.39534759521484,37.375862121582031
9755716,2024,2024-11-20,1401,2024-10-20,1806,489,100,7,5,2,1401,0,0,0,,0,,"LINE ST","3RD ST",140.00,E,N,A,-,N,,,,,,,,,,N,2,0,1,2,A,-,09,21804,A,N,D,G,A,A,H,-,B,D,0,,Y,,,Y,,L,04,1,0,0,0,0,0,1,0,0,"- ","- ",37.361499786376953,-118.39138793945312,INYO,BISHOP,-118.39087677001953,37.361484527587891